Date,Open,High,Low,Close,Volume,Dividends,Stock Splits,Daily Return,Volatility,ROI,Sharpe Ratio
2024-01-18 00:00:00-05:00,370.07631202431554,375.4159307418802,369.538388844185,374.69866943359375,16354300,0.0,0.0,0.019461357539416024,0.016840828719029043,0.019461357539416024,0.4484989116274856
2024-01-19 00:00:00-05:00,377.5577362794263,382.8973245006052,376.53165710401225,381.9908142089844,21470100,0.0,0.0,0.019461357539416024,0.016840828719029043,0.019461357539416024,0.4484989116274856
2024-01-22 00:00:00-05:00,386.4737131071769,388.8645741032423,379.709543157918,380.3271789550781,17680500,0.0,0.0,-0.004355170836637168,0.016840828719029043,-0.004355170836637168,0.4484989116274856
2024-01-23 00:00:00-05:00,383.1563819718862,386.9020835897568,380.626039044828,383.7341918945313,15506100,0.0,0.0,0.008958110616269055,0.01193586111165452,0.008958110616269055,0.6720447200789124
2024-01-24 00:00:00-05:00,388.5159084294594,394.6424993667114,386.33423974231664,389.2132568359375,15698500,0.0,0.0,0.01427828183450508,0.010235407241784615,0.01427828183450508,0.9365181630737853
2024-01-25 00:00:00-05:00,388.6852518488727,393.984983898379,384.1924045739309,391.6837768554688,15091100,0.0,0.0,0.006347471408387095,0.008981638181405011,0.006347471408387095,0.9951425265485178
2024-01-26 00:00:00-05:00,392.8493290630117,395.28004621067913,390.0998223612202,392.64013671875,13163700,0.0,0.0,0.002441663198203159,0.008459882588364394,0.002441663198203159,0.9285336462582345
2024-01-29 00:00:00-05:00,393.4869051476428,401.3966929012004,391.6041131153973,399.4939575195313,18742400,0.0,0.0,0.017455731495149562,0.008532776908781079,0.017455731495149562,1.0813335438452614
2024-01-30 00:00:00-05:00,402.0541940628019,404.8136422913508,398.04950252510577,398.5376281738281,18614700,0.0,0.0,-0.002393851841066774,0.008904323561794325,-0.002393851841066774,0.8730813882522102
2024-01-31 00:00:00-05:00,387.5196885852341,396.485439735021,385.626924978346,388.6553649902344,20180800,0.0,0.0,-0.02479631152741102,0.013683823052605145,-0.02479631152741102,0.3036617418250204
2024-02-01 00:00:00-05:00,392.4408796775961,398.9759134305096,391.554251943946,393.2776794433594,29727100,0.0,0.0,0.011893093134687893,0.01313123017031608,0.011893093134687893,0.3753675351219318
2024-02-02 00:00:00-05:00,457.851015944292,484.1106893847037,451.2860975841891,473.1824340820313,84615500,0.0,0.0,0.20317642931520585,0.06105815223506103,0.20317642931520585,0.37589620430397197
2024-02-05 00:00:00-05:00,468.09190134825633,470.10420340045386,457.47246376690913,457.6617431640625,40832400,0.0,0.0,-0.03280064896762025,0.060400375758766896,-0.03280064896762025,0.30306952096679735
2024-02-06 00:00:00-05:00,462.2342778467363,465.3424000231986,451.2761376391628,452.9895935058594,21655200,0.0,0.0,-0.010208739812731626,0.058367213001353314,-0.010208739812731626,0.276047254279161
2024-02-07 00:00:00-05:00,456.25714726702313,469.7256879186812,454.4440657173438,467.8030395507813,23066000,0.0,0.0,0.032701515128140235,0.05625240459756158,0.032701515128140235,0.3074902593268674
2024-02-08 00:00:00-05:00,466.5378566875538,468.7992074574978,463.26036798105713,468.2114562988281,18815100,0.0,0.0,0.0008730527882825356,0.054371798302927515,0.0008730527882825356,0.29798779398926517
2024-02-09 00:00:00-05:00,471.1502524593773,471.7878012003474,465.691095057858,466.3286437988281,18413100,0.0,0.0,-0.00402128669572388,0.052770900640256156,-0.00402128669572388,0.28307586884674923
2024-02-12 00:00:00-05:00,466.4083414662073,477.3266255183887,464.8044523883876,467.1156311035156,19382000,0.0,0.0,0.001687623771674307,0.05119617185245054,0.001687623771674307,0.27655827039112646
2024-02-13 00:00:00-05:00,455.1314469625384,466.1095315126668,453.3582216934875,458.36907958984375,20916600,0.0,0.0,-0.018724596077012046,0.050268694534065704,-0.018724596077012046,0.24531915332325058
2024-02-14 00:00:00-05:00,466.1493564352312,472.3058320911652,464.31636192285504,471.47900390625,16858400,0.0,0.0,0.02860124057263458,0.048994766830066094,0.02860124057263458,0.2691747896404498
2024-02-15 00:00:00-05:00,473.4713769246856,486.7606094833743,470.42302382509234,482.1880798339844,24212300,0.0,0.0,0.02271379178926014,0.047735548946098064,0.02271379178926014,0.28625286905384123
2024-02-16 00:00:00-05:00,476.2905487032981,477.137320127967,467.4244235306653,471.518798828125,23306500,0.0,0.0,-0.02212680373503384,0.048371315971909815,-0.02212680373503384,0.23950205912706202
2024-02-20 00:00:00-05:00,467.9324992546525,474.3679074529039,464.7845208687588,469.9547729492188,18015500,0.0,0.0,-0.003316995807576051,0.04835386363966403,-0.003316995807576051,0.240662020642867
2024-02-21 00:00:00-05:00,465.2178586548988,467.710987586597,460.520812269016,466.74365234375,12977100,0.5,0.0,-0.006832829008879493,0.04852851302611977,-0.006832829008879493,0.2235261472428657
2024-02-22 00:00:00-05:00,478.9200883885395,488.6432912803049,474.7515840939021,484.7939147949219,21625800,0.0,0.0,0.03867275400647152,0.048924238007756,0.03867275400647152,0.24664901586896634
2024-02-23 00:00:00-05:00,486.7086476424972,493.0013030163017,481.024331590762,482.69970703125,18374300,0.0,0.0,-0.004319789708082,0.04904786439452263,-0.004319789708082,0.23515299276142712
2024-02-26 00:00:00-05:00,482.14124136409913,484.8039165771554,479.2791340875031,480.4159851074219,12101400,0.0,0.0,-0.0047311442094583045,0.04914397502541484,-0.0047311442094583045,0.22739535669970426
2024-02-27 00:00:00-05:00,478.6608192794212,485.9307613087294,478.60098661994806,485.71136474609375,10809600,0.0,0.0,0.011022488432577582,0.04912175159909561,0.011022488432577582,0.2209499707175913
2024-02-28 00:00:00-05:00,483.66701476706055,489.7003746334572,481.42319871917215,482.689697265625,12715500,0.0,0.0,-0.006221117519142894,0.04918349133154123,-0.006221117519142894,0.2167818104176675
2024-02-29 00:00:00-05:00,487.0975708388261,490.3486207729217,481.2835770049522,488.7829284667969,17732000,0.0,0.0,0.012623495458240042,0.0484701957385743,0.012623495458240042,0.25857284980636974
2024-03-01 00:00:00-05:00,490.7574380227447,502.8640862594586,490.4981733186981,500.91943359375,16273600,0.0,0.0,0.024830051174296708,0.048547467484140676,0.024830051174296708,0.27148531587320657
2024-03-04 00:00:00-05:00,501.6175479595631,503.0336586030815,495.0556459118757,496.8207702636719,12324100,0.0,0.0,-0.008182280532965214,0.019062669709642648,-0.008182280532965214,0.1370211566455645
2024-03-05 00:00:00-05:00,493.6395112804914,494.217903781668,486.549067453912,488.8726501464844,15325300,0.0,0.0,-0.015997962631411955,0.017744503981517754,-0.015997962631411955,0.19454606185518994
2024-03-06 00:00:00-05:00,496.2623079349238,501.5876277126765,492.9314913143984,494.7265319824219,11757900,0.0,0.0,0.011974246941782285,0.01753775502001059,0.011974246941782285,0.26008304379319347
2024-03-07 00:00:00-05:00,501.8967723955973,518.4212078949104,500.0020004862629,510.78228759765625,18586400,0.0,0.0,0.03245379937659143,0.01751691048227222,0.03245379937659143,0.2596854578853913
2024-03-08 00:00:00-05:00,512.7768225236404,522.13104776378,497.9776118577871,504.5594787597656,18575200,0.0,0.0,-0.01218289864192068,0.017900189505253912,-0.01218289864192068,0.21765631848045883
2024-03-11 00:00:00-04:00,495.6439931955927,495.95313873552806,474.6917287890399,482.2608642578125,20428300,0.0,0.0,-0.044194223754876916,0.020846833698061902,-0.044194223754876916,0.09053856917532434
2024-03-12 00:00:00-04:00,491.9043119875653,500.9294263910448,483.397757436795,498.37646484375,15448200,0.0,0.0,0.03341677042514957,0.02200590911587176,0.03341677042514957,0.1578621364489174
2024-03-13 00:00:00-04:00,494.0284488064857,499.6030811930546,489.6804163211482,494.20794677734375,12090700,0.0,0.0,-0.008364195262938745,0.021573547476871447,-0.008364195262938745,0.18503771215723988
2024-03-14 00:00:00-04:00,498.8850950832054,499.972095675005,486.818344638196,490.4782409667969,12620000,0.0,0.0,-0.0075468349606026,0.02090722752546538,-0.0075468349606026,0.104486168188166
2024-03-15 00:00:00-04:00,487.6660096906227,490.47823604438105,479.977178020624,482.7695007324219,29141700,0.0,0.0,-0.015716783315769645,0.02068598686358086,-0.015716783315769645,0.01271330867881134
2024-03-18 00:00:00-04:00,490.55800216245626,496.0528678134856,485.4720132894277,495.6140747070313,11755300,0.0,0.0,0.026606017892850664,0.02077979676383186,0.026606017892850664,0.1299160164268587
2024-03-19 00:00:00-04:00,486.8283317882362,495.2650718864235,479.9572535879528,494.8761291503906,10903100,0.0,0.0,-0.0014889519775581617,0.02075594584288669,-0.0014889519775581617,0.1344689676078616
2024-03-20 00:00:00-04:00,498.1271715899645,506.8032726379858,493.80908557541954,504.130615234375,11711100,0.0,0.0,0.018700611201175832,0.02091747534459016,0.018700611201175832,0.19446432003432224
2024-03-21 00:00:00-04:00,513.2953820823078,513.624431278809,504.6192811724909,506.3644714355469,9712500,0.0,0.0,0.004431106014327835,0.019272659498457013,0.004431106014327835,0.12222600727739909
2024-03-22 00:00:00-04:00,505.60654769094856,508.5683860811608,502.9538548537801,508.179443359375,8117000,0.0,0.0,0.003584319252657453,0.019209506330002624,0.003584319252657453,0.14320126821030274
2024-03-25 00:00:00-04:00,504.39988805944944,505.8259505229309,498.8651234985178,501.6374816894531,8380600,0.0,0.0,-0.012873329992798443,0.019461050362207827,-0.012873329992798443,0.12043113477238421
2024-03-26 00:00:00-04:00,503.74169445106367,508.5983047664013,493.8489454067389,494.527099609375,11205400,0.0,0.0,-0.014174343703606929,0.019683947975118486,-0.014174343703606929,0.05506389132627534
2024-03-27 00:00:00-04:00,497.9277061069848,498.516111326027,486.7285902424968,492.5026550292969,9989700,0.0,0.0,-0.004093697962512466,0.019648110129026237,-0.004093697962512466,0.06057812900016006
2024-03-28 00:00:00-04:00,491.4854787752714,491.53535961588767,483.816611475982,484.2454223632813,15212800,0.0,0.0,-0.016765864268334485,0.01984602885644686,-0.016765864268334485,-0.014069426097429042
2024-04-01 00:00:00-04:00,485.8609847597092,496.062849004547,480.45586777401655,489.9995727539063,9247000,0.0,0.0,0.01188271509628902,0.01918399524678509,0.01188271509628902,-0.048300107892222714
2024-04-02 00:00:00-04:00,483.7667551182063,496.1625851475768,483.3179797266994,496.0030212402344,11081000,0.0,0.0,0.012251946369233213,0.019320889504954728,0.012251946369233213,0.004923288074388093
2024-04-03 00:00:00-04:00,497.558727060726,505.8458853150474,497.3792290791321,505.3472595214844,12099200,0.0,0.0,0.018839075330398414,0.019363973718913643,0.018839075330398414,0.09486555960270586
2024-04-04 00:00:00-04:00,515.0006615497309,528.543355513111,509.1767157749895,509.5158081054688,26476300,0.0,0.0,0.008248879370458262,0.0192790592649226,0.008248879370458262,0.08562169977940873
2024-04-05 00:00:00-04:00,515.439447867194,529.2414368062248,512.9961692713454,525.8906860351562,19242000,0.0,0.0,0.03213811557795254,0.019252623874423596,0.03213811557795254,0.08491941904348009
2024-04-08 00:00:00-04:00,527.8254006204263,530.0292878873255,517.463941013592,517.8229370117188,13260600,0.0,0.0,-0.015341114109212683,0.019384423903150757,-0.015341114109212683,0.07619575740262326
2024-04-09 00:00:00-04:00,520.7946772560042,524.4246876440302,505.3472598986763,515.4793701171875,10881400,0.0,0.0,-0.004525807427642414,0.016239741546503168,-0.004525807427642414,0.21308415947179474
2024-04-10 00:00:00-04:00,507.8902659720688,521.1237834896342,504.4098372610839,518.4013061523438,11418500,0.0,0.0,0.005668385981173252,0.01465363093773313,0.005668385981173252,0.141467494581086
2024-04-11 00:00:00-04:00,519.6777533793505,522.4201952092246,515.8682450606731,521.7221069335938,10369500,0.0,0.0,0.006405849564495636,0.014470986498904628,0.006405849564495636,0.194286318825709
2024-04-12 00:00:00-04:00,516.3270002800177,518.7602965451016,507.9301286712112,510.4930725097656,11944900,0.0,0.0,-0.021523018240163228,0.015310620592214023,-0.021523018240163228,0.13798954261495233
2024-04-15 00:00:00-04:00,515.2998333066029,517.1049171905591,495.9132896082773,498.8551940917969,13512900,0.0,0.0,-0.022797328787935944,0.01581804330587434,-0.022797328787935944,0.11118178304703773
2024-04-16 00:00:00-04:00,496.7409851050634,503.3826844831326,495.74373349454913,498.386474609375,9847900,0.0,0.0,-0.0009395902618097862,0.014700432729411678,-0.0009395902618097862,0.025944668320291665
2024-04-17 00:00:00-04:00,501.7172779535386,501.77711061387714,485.80115119571866,492.8118286132813,12193700,0.0,0.0,-0.011185387806647462,0.014923564913449677,-0.011185387806647462,-0.00693024359293064
2024-04-18 00:00:00-04:00,498.44629872495153,510.8022605755454,497.66844369943567,500.42083740234375,14808700,0.0,0.0,0.015439988140043992,0.01472380339728175,0.015439988140043992,-0.018096892901388714
2024-04-19 00:00:00-04:00,501.4180909852817,501.4180909852817,474.4225133740298,479.7478332519531,25111000,0.0,0.0,-0.04131123767288147,0.01728553751963337,-0.04131123767288147,-0.14772883253655036
2024-04-22 00:00:00-04:00,488.3740360999914,490.6577506981275,472.0988833060621,480.406005859375,17271100,0.0,0.0,0.0013719136633936202,0.017251235394392123,0.0013719136633936202,-0.15443488516024886
2024-04-23 00:00:00-04:00,489.8998350168444,497.38920406550506,487.6261026487708,494.7365112304688,15079200,0.0,0.0,0.029829987960826365,0.01851736587802455,0.029829987960826365,-0.028569217825519622
2024-04-24 00:00:00-04:00,506.66362655986,508.598297026382,483.2481489092576,492.1436462402344,37772700,0.0,0.0,-0.005240900825745909,0.018277078977420595,-0.005240900825745909,-0.004505890439758841
2024-04-25 00:00:00-04:00,420.2418034096759,444.5448191796468,413.3607736978277,440.1669006347656,82890700,0.0,0.0,-0.1056129567099946,0.02987014865384696,-0.1056129567099946,-0.17269138873672282
2024-04-26 00:00:00-04:00,440.24666786453696,445.2129916200224,430.7727779862541,442.0716552734375,32691400,0.0,0.0,0.004327346367764218,0.029811059701278477,0.004327346367764218,-0.13765551986816016
2024-04-29 00:00:00-04:00,438.35189756708144,438.5513600545136,427.3821302997697,431.4309692382813,21502600,0.0,0.0,-0.024070048165776514,0.029880242512496102,-0.024070048165776514,-0.1974982325406351
2024-04-30 00:00:00-04:00,429.8652877727225,438.4117412443997,428.5389565424444,428.98773193359375,18429500,0.0,0.0,-0.005663101350840027,0.02957436485393247,-0.005663101350840027,-0.229829026039198
2024-05-01 00:00:00-04:00,427.4219901246827,448.7232671148512,425.9360647255751,437.9828796386719,20344900,0.0,0.0,0.020968309896728154,0.029675167422247843,0.020968309896728154,-0.2254607580334891
2024-05-02 00:00:00-04:00,437.6339039785247,442.7398274818156,431.0919356857201,440.4660949707031,15221300,0.0,0.0,0.005669663010754888,0.029612365111788535,0.005669663010754888,-0.23029388345144514
2024-05-03 00:00:00-04:00,444.7043783000628,452.9217518023227,442.6301084579704,450.7178039550781,16489100,0.0,0.0,0.02327468357140372,0.029059817083286935,0.02327468357140372,-0.2499230514523882
2024-05-06 00:00:00-04:00,454.3278389037764,464.8787771400223,452.09400521409617,464.4000854492188,15094600,0.0,0.0,0.030356647494458322,0.03016666714815991,0.030356647494458322,-0.1650109392420367
2024-05-07 00:00:00-04:00,465.0084416695338,470.2340301415106,460.0421179100435,466.95306396484375,13406800,0.0,0.0,0.005497368746509634,0.03025769201261382,0.005497368746509634,-0.14795151161383766
2024-05-08 00:00:00-04:00,462.2261212061843,474.2729072634036,461.7274954012154,471.3011169433594,11683900,0.0,0.0,0.009311541810212765,0.03033285486137064,0.009311541810212765,-0.1415796007130641
2024-05-09 00:00:00-04:00,468.7082255276048,474.77150152232457,466.3447442384856,474.11334228515625,9437700,0.0,0.0,0.005966939692474416,0.030324863532136943,0.005966939692474416,-0.14234059021524867
2024-05-10 00:00:00-04:00,475.7787734710772,476.1876502888147,468.30936854878775,474.8912353515625,10750000,0.0,0.0,0.0016407322828269066,0.030074420058772207,0.0016407322828269066,-0.1050152069778822
2024-05-13 00:00:00-04:00,471.4506871426977,472.04904418086215,461.577902530945,466.7237243652344,14668800,0.0,0.0,-0.017198698098274456,0.029907592654699944,-0.017198698098274456,-0.0962411099402323
2024-05-14 00:00:00-04:00,462.0964872804075,471.2412982045558,458.8155208653369,470.5531921386719,10478600,0.0,0.0,0.008204999175145389,0.03000852365659421,0.008204999175145389,-0.08068075819347671
2024-05-15 00:00:00-04:00,473.6745544520464,481.1738751879622,469.9049447922743,480.2165222167969,13100500,0.0,0.0,0.020536105672145144,0.03035719537129538,0.020536105672145144,-0.0275070129742898
2024-05-16 00:00:00-04:00,473.6944760560221,476.37708510248814,471.4506601168094,471.9293518066406,16608200,0.0,0.0,-0.017257153860305907,0.030314996558207807,-0.017257153860305907,-0.08147429151826976
2024-05-17 00:00:00-04:00,469.5359578200446,471.50054469099473,467.132608243744,470.6130065917969,10807300,0.0,0.0,-0.0027892844761711055,0.028908418197474892,-0.0027892844761711055,-0.01881096376178578
2024-05-20 00:00:00-04:00,468.6583871866377,471.8994547870053,465.7563814678026,467.5514221191406,11745100,0.0,0.0,-0.006505524560037945,0.028934595743244328,-0.006505524560037945,-0.032406435763449516
2024-05-21 00:00:00-04:00,465.8361741509499,469.4063520109438,460.9994976834746,463.35302734375,11742200,0.0,0.0,-0.008979535890109691,0.028050443173976283,-0.008979535890109691,-0.10260598354865991
2024-05-22 00:00:00-04:00,466.58410324039056,472.4180312123606,464.3702034614682,466.4943542480469,10078600,0.0,0.0,0.006779554074147542,0.028125829870122805,0.006779554074147542,-0.08096189788397574
2024-05-23 00:00:00-04:00,471.58033983417823,473.05625271946514,460.2715103816281,464.4998474121094,11747900,0.0,0.0,-0.0042755219174142045,0.014220849415028743,-0.0042755219174142045,0.19617331513501748
2024-05-24 00:00:00-04:00,466.334796924292,478.5311951733915,465.0184174839221,476.9056701660156,12012300,0.0,0.0,0.02670791567106723,0.015195374128913088,0.02670791567106723,0.2572348404051309
2024-05-28 00:00:00-04:00,475.2701659749714,479.53840171193445,473.53495788653686,478.60101318359375,10175800,0.0,0.0,0.0035548812346641867,0.013700253754796294,0.0035548812346641867,0.386126140701392
2024-05-29 00:00:00-04:00,473.3554070932042,478.5311448834382,472.398054161593,473.0562133789063,9226200,0.0,0.0,-0.011585432650474625,0.014009956070332194,-0.011585432650474625,0.3564543328271197
2024-05-30 00:00:00-04:00,470.37365465582303,470.4334873144673,463.4327619160628,465.7663269042969,10735200,0.0,0.0,-0.015410190730906659,0.014187234048075672,-0.015410190730906659,0.2237916497216331
2024-05-31 00:00:00-04:00,464.51976813760433,467.8306506470017,453.2109390100701,465.54693603515625,16919800,0.0,0.0,-0.00047103205291543215,0.014196847681896356,-0.00047103205291543215,0.20201313866876486
2024-06-03 00:00:00-04:00,469.5658901320328,478.2818901147009,466.9530957183704,476.17767333984375,11279400,0.0,0.0,0.022834942047357254,0.014163882023393056,0.022834942047357254,0.20093097912843022
2024-06-04 00:00:00-04:00,475.6889983677552,477.5738184411632,471.9293709091157,475.6790161132813,7088700,0.0,0.0,-0.0010472083310100189,0.012608903327258251,-0.0010472083310100189,0.10118008353577657
2024-06-05 00:00:00-04:00,483.1185465412948,495.28499771917234,482.58002215948295,493.6993713378906,15690500,0.0,0.0,0.0378834352876265,0.015027274891693075,0.0378834352876265,0.1926545724270161
2024-06-06 00:00:00-04:00,491.6250990798411,501.43805105913526,489.5408469118146,492.4029541015625,10667300,0.0,0.0,-0.002625924422011927,0.014996045116362294,-0.002625924422011927,0.15325373387170907
2024-06-07 00:00:00-04:00,494.5470374072871,497.5387921637262,488.82282304541855,491.6051330566406,9380700,0.0,0.0,-0.0016202604762548534,0.014994318947618,-0.0016202604762548534,0.12797112730881943
2024-06-10 00:00:00-04:00,492.5026587996393,501.2784911083545,492.0539138414726,501.2186584472656,11236900,0.0,0.0,0.019555380414462364,0.01550328640877901,0.019555380414462364,0.18154681732143177
2024-06-11 00:00:00-04:00,498.7853497926535,506.2049039213799,496.9005297138152,506.07525634765625,9673700,0.0,0.0,0.009689579225633738,0.014827555526616422,0.009689579225633738,0.28049034544272655
2024-06-12 00:00:00-04:00,512.5773374287759,512.5973019382404,503.0835132032224,507.4414978027344,11983200,0.0,0.0,0.0026996804090724247,0.014799565392538261,0.0026996804090724247,0.2624212353821092
2024-06-13 00:00:00-04:00,504.32009904500313,507.960061304978,499.982048490259,502.7145385742188,9954600,0.0,0.0,-0.009315279197668502,0.01453466268252791,-0.009315279197668502,0.16451368994011234
2024-06-14 00:00:00-04:00,501.7662047936306,506.2582926260963,499.8695515793737,503.2735595703125,10243300,0.5,0.0,0.0011120048321642262,0.013788975379769516,0.0011120048321642262,0.24001848095375636
2024-06-17 00:00:00-04:00,500.7879566996068,509.8519784682504,495.1379046873424,505.7392272949219,11266600,0.0,0.0,0.004899259414133494,0.013716981026338648,0.004899259414133494,0.26930387320527416
2024-06-18 00:00:00-04:00,503.6728482880646,505.1103188261855,494.14961358899336,498.61175537109375,13060400,0.0,0.0,-0.014093175967289095,0.014113135080346935,-0.014093175967289095,0.23486302156417932
2024-06-20 00:00:00-04:00,501.1173619528233,502.7844390909349,495.8965465973391,500.8179016113281,11801200,0.0,0.0,0.004424577271734176,0.013813670533124897,0.004424577271734176,0.28847214773584473
2024-06-21 00:00:00-04:00,502.5648032467386,502.5648032467386,491.5242523237637,493.9100341796875,23130700,0.0,0.0,-0.013793171948157767,0.014350167059182729,-0.013793171948157767,0.20600616658319157
2024-06-24 00:00:00-04:00,498.3222745051031,506.9071288518121,493.4209040465704,498.0327758789063,13525300,0.0,0.0,0.008347151128577757,0.0142928321713315,0.008347151128577757,0.2509899028399513
2024-06-25 00:00:00-04:00,496.1760460963113,509.8120319592657,494.6287835804673,509.7022399902344,12109800,0.0,0.0,0.023431116738721336,0.014030218649918796,0.023431116738721336,0.2440102108738514
2024-06-26 00:00:00-04:00,505.75920872070685,512.9066237610901,503.7926711295405,512.2178344726562,8882300,0.0,0.0,0.004935419711849853,0.01403429440958391,0.004935419711849853,0.2488577931532619
2024-06-27 00:00:00-04:00,513.3458230870918,521.9606543166748,512.9964628435848,518.646484375,10121200,0.0,0.0,0.012550617080645532,0.013703328173512995,0.012550617080645532,0.34293464786689787
2024-06-28 00:00:00-04:00,516.2407234913114,520.9623872716696,502.95409833545307,503.33343505859375,15855100,0.0,0.0,-0.029525022877306073,0.015087107412406197,-0.029525022877306073,0.26470312070452223
2024-07-01 00:00:00-04:00,504.06217782282783,505.6892862661851,492.3028913669477,503.7926330566406,10328200,0.0,0.0,0.0009123137190230057,0.015068721670162839,0.0009123137190230057,0.2696162150973797
2024-07-02 00:00:00-04:00,499.8795336071508,509.6023982144432,498.57183939066806,508.6041564941406,7739500,0.0,0.0,0.009550603009629732,0.014478948988671712,0.009550603009629732,0.23472385694830575
2024-07-03 00:00:00-04:00,505.4796702640057,510.3810409140256,505.1302795585898,509.0633544921875,6005600,0.0,0.0,0.000902859310494275,0.014453979347668955,0.000902859310494275,0.24187512996674038
2024-07-05 00:00:00-04:00,510.7004435956451,539.9189662598088,510.7004435956451,538.9606323242188,21354100,0.0,0.0,0.05872997450750517,0.017495860805649202,0.05872997450750517,0.25939764522946784
2024-07-08 00:00:00-04:00,541.3964018978256,541.8556150480077,525.7240547842451,528.3893432617188,14917500,0.0,0.0,-0.019614213782020218,0.01825778617488203,-0.019614213782020218,0.20204917457750673
2024-07-09 00:00:00-04:00,532.8115217100899,536.534943854359,527.2613001458768,529.068115234375,8753200,0.0,0.0,0.00128460571983946,0.018224852158044612,0.00128460571983946,0.2103838156162923
2024-07-10 00:00:00-04:00,529.8567107759651,537.9325132537335,527.430990661233,533.7498779296875,10983300,0.0,0.0,0.008849073607920088,0.01789298889345376,0.008849073607920088,0.18436822463641325
2024-07-11 00:00:00-04:00,529.9565415961837,534.5185133978496,507.4761194029672,511.7985229492188,16458300,0.0,0.0,-0.04112666979075241,0.020373741806327793,-0.04112666979075241,0.03720897968140404
2024-07-12 00:00:00-04:00,496.8847947129111,507.1966179945045,493.3610027561936,497.9928283691406,19750500,0.0,0.0,-0.02697486210105382,0.021285052149453858,-0.02697486210105382,-0.03409157635627912
2024-07-15 00:00:00-04:00,497.75328650412274,505.7891203709796,492.5025251735868,495.2876281738281,12539200,0.0,0.0,-0.005432207134732581,0.021220188280980826,-0.005432207134732581,-0.025046308280405473
2024-07-16 00:00:00-04:00,500.6182353165117,503.0639397783021,484.93586602622514,488.9288330078125,14075800,0.0,0.0,-0.012838590758790236,0.02139191213870813,-0.012838590758790236,-0.057452421692474165
2024-07-17 00:00:00-04:00,478.327488902338,478.327488902338,458.3127245344167,461.17767333984375,28076600,0.0,0.0,-0.05675909824595127,0.024656173212914953,-0.05675909824595127,-0.17488257414362476
2024-07-18 00:00:00-04:00,474.1648246132329,478.39735982553657,463.7232245842792,475.0133361816406,19267200,0.0,0.0,0.03000072128730591,0.025685427769153595,0.03000072128730591,-0.0820402991227015
2024-07-19 00:00:00-04:00,475.22296323213175,485.85423173577976,474.8735725281973,475.9516906738281,15149400,0.0,0.0,0.0019754276790002745,0.025658471890088554,0.0019754276790002745,-0.08689908216139304
2024-07-22 00:00:00-04:00,485.7244337609246,491.1948092527094,483.0491533119744,486.5429992675781,12023100,0.0,0.0,0.022252906757732838,0.026066215689128282,0.022252906757732838,-0.01639646225272074
2024-07-23 00:00:00-04:00,488.9787213991181,494.3492667371595,486.8624538229204,487.8307495117188,9455500,0.0,0.0,0.0026467347101473138,0.02599629254701595,0.0026467347101473138,-0.02740446705048976
2024-07-24 00:00:00-04:00,471.4795198870575,475.46249439486223,459.7701341516481,460.45892333984375,17649700,0.0,0.0,-0.056109267813216235,0.028106849613236583,-0.056109267813216235,-0.16684309464295272
2024-07-25 00:00:00-04:00,462.4454802435412,462.7349484153847,441.87170205091513,452.61279296875,18240500,0.0,0.0,-0.017039805232100802,0.028140300052240854,-0.017039805232100802,-0.20569059344031693
2024-07-26 00:00:00-04:00,463.3838324436564,468.9440158374738,458.6122380981597,464.8811950683594,14222400,0.0,0.0,0.02710573428368912,0.02881954676351011,0.02710573428368912,-0.17559051843206297
2024-07-29 00:00:00-04:00,469.05382518347886,473.12663800490486,464.20235457357,464.8911437988281,11339600,0.0,0.0,2.14005870193823e-05,0.02825114708340818,2.14005870193823e-05,-0.12683088489776423
2024-07-30 00:00:00-04:00,466.1788783098484,471.89881427196735,455.897000888154,462.3755798339844,11390400,0.0,0.0,-0.005411081708909249,0.028233567365754605,-0.005411081708909249,-0.13810822078727938
2024-07-31 00:00:00-04:00,470.19181855359017,475.6621943156695,465.92933724415263,473.9951171875,24285800,0.0,0.0,0.025130084416844944,0.02883274917320295,0.025130084416844944,-0.10822116428291931
2024-08-01 00:00:00-04:00,520.0839184978195,526.2430526417324,491.2347398601099,496.8648071289063,43083100,0.0,0.0,0.04824878804048871,0.03103965029270809,0.04824878804048871,-0.024259849624613243
2024-08-02 00:00:00-04:00,488.14018098484985,500.2688112907695,475.3127693181289,487.2817077636719,24044700,0.0,0.0,-0.019287136516288217,0.027915937443596498,-0.019287136516288217,-0.1667102460411509
2024-08-05 00:00:00-04:00,450.5564161536223,482.6299281847228,450.0073649174026,474.8935546875,21396200,0.0,0.0,-0.025422979928850564,0.02810932475379186,-0.025422979928850564,-0.1758957623614169
2024-08-06 00:00:00-04:00,478.1577588143449,501.67633006755705,477.80836813787647,493.2212219238281,20955000,0.0,0.0,0.03859321116368597,0.02973538425830995,0.03859321116368597,-0.10354266176937355
2024-08-07 00:00:00-04:00,502.2453703314532,509.25301636265255,486.0039577631928,488.0603637695313,20105300,0.0,0.0,-0.010463576839144673,0.029641078516957617,-0.010463576839144673,-0.13644960168638665
2024-08-08 00:00:00-04:00,496.6252406650812,509.0633235898309,493.85012998605214,508.7339172363281,16156800,0.0,0.0,0.04235859947143572,0.030020125023894683,0.04235859947143572,0.004322104115567529
2024-08-09 00:00:00-04:00,506.8172797160644,517.428624215059,504.8108346353573,516.859619140625,13696600,0.0,0.0,0.015972400559489675,0.029510976035293193,0.015972400559489675,0.07716156985860188
2024-08-12 00:00:00-04:00,515.9511587274512,517.1091531478668,508.2048243270285,515.0427856445312,9767400,0.0,0.0,-0.0035151391766966578,0.029487722007376545,-0.0035151391766966578,0.08047304014365655
2024-08-13 00:00:00-04:00,519.0956865494239,530.5654741634111,517.2389715729635,527.6106567382812,13743800,0.0,0.0,0.02440160593264573,0.029651943304422505,0.02440160593264573,0.14282289791053124
2024-08-14 00:00:00-04:00,527.1315644640255,533.0611232155595,522.2102396827587,525.8338623046875,11444200,0.0,0.0,-0.003367624233706734,0.026057130557416517,-0.003367624233706734,0.2649773794859931
2024-08-15 00:00:00-04:00,530.8548952392092,538.8209048888737,525.7738794548646,536.3851928710938,13482100,0.0,0.0,0.02006590165220734,0.025685711802661482,0.02006590165220734,0.2494697923695358
2024-08-16 00:00:00-04:00,530.9647789453869,532.7216331392892,523.7374579349871,526.4926147460938,14776700,0.0,0.0,-0.018443048496637804,0.026270288839821323,-0.018443048496637804,0.20505619159109442
2024-08-19 00:00:00-04:00,525.9435687588824,530.7251242874288,521.8408102351849,528.349365234375,9879700,0.0,0.0,0.0035266410891190425,0.02596951413048332,0.0035266410891190425,0.17137679494884991
2024-08-20 00:00:00-04:00,527.4209796933175,530.1562131403965,524.9553519309403,525.8038330078125,7944400,0.0,0.0,-0.004817895873563294,0.026050317962526125,-0.004817895873563294,0.1565178810769566
2024-08-21 00:00:00-04:00,526.2231294111205,538.4515900707805,526.0034845576143,534.218994140625,13423300,0.0,0.0,0.016004373883458323,0.021949187351262462,0.016004373883458323,0.350036770416805
2024-08-22 00:00:00-04:00,536.0558441911611,543.2731128758192,527.6606574991375,530.9947509765625,15708300,0.0,0.0,-0.006035433407322377,0.021428574983074586,-0.006035433407322377,0.3842178610314156
2024-08-23 00:00:00-04:00,535.9758927478159,538.9207178178582,524.1367613332501,527.0715942382812,11323900,0.0,0.0,-0.007388315479703089,0.021216754498881,-0.007388315479703089,0.30676410744734206
2024-08-26 00:00:00-04:00,526.6723223880106,527.071643458737,514.044600820183,520.2037353515625,9584000,0.0,0.0,-0.013030220110124002,0.021623605101509187,-0.013030220110124002,0.2708132013339779
2024-08-27 00:00:00-04:00,518.0674717264212,523.0886568561215,514.4039416499305,518.187255859375,6282700,0.0,0.0,-0.0038763264374191975,0.021584203602426914,-0.0038763264374191975,0.2748628392677353
2024-08-28 00:00:00-04:00,516.7597266346108,520.1737568712545,511.5489345805239,515.871337890625,9106100,0.0,0.0,-0.004469268478842103,0.02121014415421756,-0.004469268478842103,0.209933879201202
2024-08-29 00:00:00-04:00,518.1373345139735,526.2730286194331,514.7732649090993,517.3087768554688,8317400,0.0,0.0,0.002786429210665853,0.018537124123164456,0.002786429210665853,0.117580800815632
2024-08-30 00:00:00-04:00,520.4333403553396,522.6194923441001,514.2941898149564,520.3934326171875,9157500,0.0,0.0,0.005962890829862344,0.017845076371336546,0.005962890829862344,0.19288857020846534
2024-09-03 00:00:00-04:00,518.726317716563,524.5660071340112,507.7256749803077,510.8601684570313,12459100,0.0,0.0,-0.018319339873701046,0.017302771977782,-0.018319339873701046,0.21946155645820495
2024-09-04 00:00:00-04:00,505.18015473599314,515.6816762996249,503.1836714533459,511.8384094238281,8335200,0.0,0.0,0.001914889880241466,0.015241658671279301,0.001914889880241466,0.12881650530679617
2024-09-05 00:00:00-04:00,510.8202255628533,520.712804109581,510.251220502986,515.951171875,8640900,0.0,0.0,0.008035275148267074,0.015007337509847882,0.008035275148267074,0.19246050824061794
2024-09-06 00:00:00-04:00,520.9623687174325,523.6576334177093,497.3739131311358,499.3903503417969,14744500,0.0,0.0,-0.0320976527158956,0.01389455028585219,-0.0320976527158956,-0.06005900066679064
2024-09-09 00:00:00-04:00,505.2700215548743,510.4309140741434,501.1971783669211,503.9024353027344,11047800,0.0,0.0,0.009035186518620675,0.013534837474439591,0.009035186518620675,-0.08728243018486016
2024-09-10 00:00:00-04:00,507.26650495103047,513.2759090064498,499.1507950714286,503.9024353027344,9899000,0.0,0.0,0.0,0.01352575693789001,0.0,-0.07434678537467794
2024-09-11 00:00:00-04:00,506.1185214716629,512.2177634842137,494.7285803024095,510.9300231933594,10782500,0.0,0.0,0.013946326507437767,0.01266687419565622,0.013946326507437767,-0.12065806415570782
2024-09-12 00:00:00-04:00,516.1408874617608,525.7839369388479,514.3140879895204,524.6758422851562,11993300,0.0,0.0,0.026903525860320743,0.014156487227040684,0.026903525860320743,-0.001045670046035043
2024-09-13 00:00:00-04:00,519.4251278847123,526.6523882515548,516.2007656702992,523.6975708007812,10321400,0.0,0.0,-0.0018645254946639822,0.013345324576856296,-0.0018645254946639822,-0.08327443559681112
2024-09-16 00:00:00-04:00,524.1172127067206,533.6695051606467,516.9830137068243,532.8502197265625,9527600,0.5,0.0,0.017476974185284044,0.013307061548032748,0.017476974185284044,0.05145213762112278
2024-09-17 00:00:00-04:00,537.1666930097264,541.6630662022832,530.1423906016115,535.8877563476562,11690800,0.0,0.0,0.0057005449348459525,0.01334033403908551,0.0057005449348459525,0.05947167080404411
2024-09-18 00:00:00-04:00,536.6371228680351,543.7613808868556,533.4696949996974,537.5164184570312,10323500,0.0,0.0,0.0030391851466715636,0.01328195530422065,0.0030391851466715636,0.08931109751764257
2024-09-19 00:00:00-04:00,549.5567118260615,561.6169909839053,546.079536146743,558.6493530273438,15647000,0.0,0.0,0.039315886630915786,0.015490096290882183,0.039315886630915786,0.15182614740473993
2024-09-20 00:00:00-04:00,559.5486344803471,564.0450074359927,555.851604519624,560.8975219726562,22066800,0.0,0.0,0.0040242934734098235,0.015366248370694384,0.0040242934734098235,0.18578301729485183
2024-09-23 00:00:00-04:00,569.0410025939483,573.5173723525766,561.956690056189,563.955078125,12830700,0.0,0.0,0.00545118498935504,0.015182898379707347,0.00545118498935504,0.23030932057980427
2024-09-24 00:00:00-04:00,566.2232520887292,567.2923969936288,553.7433287096264,562.8759765625,12993000,0.0,0.0,-0.001913453046806013,0.014743130072194903,-0.001913453046806013,0.2748806626261538
2024-09-25 00:00:00-04:00,563.5953525955609,576.4150284435315,563.2656015058733,567.8519287109375,16543400,0.0,0.0,0.00884022831961273,0.014657144368502906,0.00884022831961273,0.31987329751320354
2024-09-26 00:00:00-04:00,575.265980085071,576.9346780851354,561.8967586035227,567.3823852539062,14400800,0.0,0.0,-0.0008268765734354977,0.0145596731464913,-0.0008268765734354977,0.33452321680203223
2024-09-27 00:00:00-04:00,569.640491844112,570.3799466541782,564.0550313711452,566.9027099609375,9398400,0.0,0.0,-0.0008454180204309214,0.014609598082088709,-0.0008454180204309214,0.32095039909032363
2024-09-30 00:00:00-04:00,567.2424677117614,574.2168225832384,564.3447806064505,571.9786376953125,12792300,0.0,0.0,0.008953789857036876,0.014638603234180094,0.008953789857036876,0.3305302568114401
2024-10-01 00:00:00-04:00,577.5141638836731,582.5700833930905,569.6405098038103,576.00537109375,15259300,0.0,0.0,0.007040006624482453,0.01358771036079046,0.007040006624482453,0.44941115531022097
2024-10-02 00:00:00-04:00,574.3966631929802,575.5357590193373,568.8811536395001,572.3483276367188,6524700,0.0,0.0,-0.006348974576551369,0.013845093647560022,-0.006348974576551369,0.41121248677340705
2024-10-03 00:00:00-04:00,569.6904698692135,582.8897832625125,568.2715705132565,582.30029296875,11581000,0.0,0.0,0.01738795214642086,0.014084243935262834,0.01738795214642086,0.4374327274257462
2024-10-04 00:00:00-04:00,583.2595352414568,596.3689565671799,580.9614010765631,595.459716796875,14169500,0.0,0.0,0.022599033500454002,0.0112994191970692,0.022599033500454002,0.7872744071178782
2024-10-07 00:00:00-04:00,597.7378250756824,602.4640543216561,583.5692610077722,584.3087158203125,12014200,0.0,0.0,-0.018726709233239935,0.01287654930937293,-0.018726709233239935,0.583048189478149
2024-10-08 00:00:00-04:00,589.2147372774183,593.081613342466,585.4977037271458,592.4121704101562,7857400,0.0,0.0,0.013868447227365577,0.01282428452090301,0.013868447227365577,0.6394954127504655
2024-10-09 00:00:00-04:00,593.5112332153118,593.9109352089645,581.1412066390888,590.0340576171875,9529700,0.0,0.0,-0.0040142875378847975,0.01302802857187664,-0.0040142875378847975,0.5605637399677709
2024-10-10 00:00:00-04:00,587.0964117473287,589.7542408894429,582.0504943661447,583.3594360351562,7740400,0.0,0.0,-0.011312264937699101,0.012802527036162173,-0.011312264937699101,0.42118644745104905
2024-10-11 00:00:00-04:00,584.3586796276534,590.7335426141501,582.2403930977291,589.4745483398438,8587100,0.0,0.0,0.010482580596020252,0.012731679042385603,0.010482580596020252,0.4720199248885019
2024-10-14 00:00:00-04:00,593.7410167185426,599.6162821918657,589.484501597712,589.944091796875,8252000,0.0,0.0,0.000796545768351864,0.012484898264836179,0.000796545768351864,0.41454761221577874
2024-10-15 00:00:00-04:00,589.6843036586223,590.1339531553972,579.672421258373,585.7974853515625,9564200,0.0,0.0,-0.007028812565412101,0.012777758045811933,-0.007028812565412101,0.35523578339469386
2024-10-16 00:00:00-04:00,580.931403835105,581.6108484225683,573.5673490881165,576.3250732421875,11268400,0.0,0.0,-0.016170113983487333,0.013592419525003542,-0.016170113983487333,0.26328292224507227
2024-10-17 00:00:00-04:00,582.8598932908519,584.498525214523,574.736440631771,576.4650268554688,8701200,0.0,0.0,0.00024283797422497422,0.010681922891826325,0.00024283797422497422,0.15212612153686286
2024-10-18 00:00:00-04:00,580.6316444752367,583.4993265515407,574.7863836125463,576.00537109375,7694300,0.0,0.0,-0.000797369728092745,0.010679332957627076,-0.000797369728092745,0.12958827536375866
2024-10-21 00:00:00-04:00,575.5657660455028,576.7747517900956,568.6512994519571,574.6964111328125,8171900,0.0,0.0,-0.002272478741738082,0.010664152192308731,-0.002272478741738082,0.09355953811116614
2024-10-22 00:00:00-04:00,573.8271446016755,583.059749102595,571.6589105303678,581.5409545898438,8544500,0.0,0.0,0.011909842004302229,0.010910650609695826,0.011909842004302229,0.15479351016099313
2024-10-23 00:00:00-04:00,579.5025030116825,584.5284780017795,562.0466134632495,563.2356567382812,14248400,0.0,0.0,-0.03147722908780015,0.013037151816626852,-0.03147722908780015,-0.025080245206521405
2024-10-24 00:00:00-04:00,566.6728872134042,568.4214766798149,561.067423617713,567.3223876953125,7184700,0.0,0.0,0.007255810082581915,0.013145664601677402,0.007255810082581915,0.005869567707925362
2024-10-25 00:00:00-04:00,573.4674084728663,580.8214617194669,571.2591677649386,572.7879638671875,11337900,0.0,0.0,0.009633986407760808,0.013314717533099938,0.009633986407760808,0.04514775385661933
2024-10-28 00:00:00-04:00,581.5309014773494,583.2794909577367,573.657247966786,577.6939697265625,10925100,0.0,0.0,0.008565134340903446,0.013302162946834884,0.008565134340903446,0.04372949093865574
2024-10-29 00:00:00-04:00,579.6824570250664,593.1915192160194,574.9362852505326,592.8018798828125,13019100,0.0,0.0,0.026152099464360035,0.014429274635586306,0.026152099464360035,0.10654045299343295
2024-10-30 00:00:00-04:00,600.4955916647551,600.7154460578435,588.9049656386749,591.322998046875,26864900,0.0,0.0,-0.0024947320278907448,0.014343890224626201,-0.0024947320278907448,0.12060978970020891
2024-10-31 00:00:00-04:00,584.5285013352179,589.4245764245477,562.5562346068841,567.12255859375,26838400,0.0,0.0,-0.0409259229440736,0.01672302073623158,-0.0409259229440736,-0.07090107641144142
2024-11-01 00:00:00-04:00,567.1525303872367,573.2076440008003,562.1066125402613,566.702880859375,15303200,0.0,0.0,-0.0007400124153333909,0.015762679925838664,-0.0007400124153333909,-0.1492533298847576
2024-11-04 00:00:00-05:00,563.6453148058769,568.2316421306225,557.4403590550569,560.2280883789062,12064600,0.0,0.0,-0.01142537421135048,0.015444839486650931,-0.01142537421135048,-0.12868801371891475
2024-11-05 00:00:00-05:00,566.8427577068867,573.0177694578593,566.2132605927909,571.9686279296875,9775400,0.0,0.0,0.020956713514229675,0.01590238792989263,0.020956713514229675,-0.10269856380068784
2024-11-06 00:00:00-05:00,562.2964360130583,572.5381747409726,554.722528248443,571.5889282226562,18305400,0.0,0.0,-0.0006638470861690671,0.01589362893091379,-0.0006638470861690671,-0.09221496142802642
2024-11-07 00:00:00-05:00,576.4250827660793,594.3206217597054,574.7464440436293,591.22314453125,14653700,0.0,0.0,0.03435023902517842,0.01759352220338315,0.03435023902517842,0.04646567127821032
2024-11-08 00:00:00-05:00,591.0632294019905,592.6219696885161,584.0489286056084,588.8650512695312,9415700,0.0,0.0,-0.003988499576734861,0.017472266050566274,-0.003988499576734861,0.00537656709316739
2024-11-11 00:00:00-05:00,585.8873824891895,586.5268812894068,576.0453459283773,582.699951171875,10209100,0.0,0.0,-0.01046946169477192,0.01762932247922189,-0.01046946169477192,-0.026623800376834733
2024-11-12 00:00:00-05:00,588.065605158264,599.1766373771187,579.9122090858378,584.3486328125,16287700,0.0,0.0,0.002829383522873652,0.017573998872723158,0.002829383522873652,0.0013400616512609155
2024-11-13 00:00:00-05:00,582.1404134944723,585.168000649057,574.70640754446,579.5325317382812,10757600,0.0,0.0,-0.008241828257625206,0.017276394187260458,-0.008241828257625206,0.024308575255328764
2024-11-14 00:00:00-05:00,576.5349800009285,580.2919594723807,572.5482054082433,576.69482421875,11053700,0.0,0.0,-0.004896545688332088,0.017317340518445027,-0.004896545688332088,0.009412261942893756
2024-11-15 00:00:00-05:00,570.7595614845304,572.1085099621108,551.0554852822419,553.6334228515625,17712900,0.0,0.0,-0.03998891683903849,0.01951028103162448,-0.03998891683903849,-0.09208386119714476
2024-11-18 00:00:00-05:00,556.5910118841139,559.4487531149258,549.6466622720844,553.9531860351562,14346700,0.0,0.0,0.000577572036649654,0.019517029329327543,0.000577572036649654,-0.08475057569486162
2024-11-19 00:00:00-05:00,551.4152148138388,560.9775092082989,550.1562205507613,560.6378173828125,9522400,0.0,0.0,0.01206714126061903,0.01952281383194625,0.01206714126061903,-0.0843226044600383
2024-11-20 00:00:00-05:00,562.4762696970146,565.8934960924114,553.7533256143062,565.064208984375,9797300,0.0,0.0,0.007895278313949428,0.018303444996316958,0.007895278313949428,0.01761476385752445
2024-11-21 00:00:00-05:00,569.0609794569406,569.540573055585,548.6074468136305,562.6361694335938,11154700,0.0,0.0,-0.0042969268132294625,0.018255350830911166,-0.0042969268132294625,-0.013980886248928875
2024-11-22 00:00:00-05:00,563.0958111453639,563.3756147608086,554.1430712266013,558.6893920898438,9164000,0.0,0.0,-0.007014794921064604,0.018160012461959682,-0.007014794921064604,-0.059893408780467144
2024-11-25 00:00:00-05:00,561.6469571351098,572.1285540602511,555.941598079429,564.654541015625,13599800,0.0,0.0,0.01067703989056934,0.018225118205892774,0.01067703989056934,-0.05388550906856116
2024-11-26 00:00:00-05:00,565.5437970415496,577.0345279001676,564.7444540485772,573.0776977539062,10356600,0.0,0.0,0.01491736296520485,0.017503626082608456,0.01491736296520485,-0.08819924454687217
2024-11-27 00:00:00-05:00,574.4266886217266,574.516581935116,563.6453456676987,568.7412719726562,7200200,0.0,0.0,-0.007566907241803311,0.01755479950699451,-0.007566907241803311,-0.10238882861045849
2024-11-29 00:00:00-05:00,568.5413971962214,577.9937945773128,566.443114149285,573.8571166992188,7130500,0.0,0.0,0.008995029864490744,0.015071898599340565,0.008995029864490744,0.046353302990385196
2024-12-02 00:00:00-05:00,577.0345718134193,594.0208708971044,575.1061345887051,592.3522338867188,12522400,0.0,0.0,0.032229481258126524,0.01662885219841167,0.032229481258126524,0.14114666112149213
2024-12-03 00:00:00-05:00,594.520463013781,613.7050010762927,590.7734853057109,613.1554565429688,14907200,0.0,0.0,0.035119682962533316,0.017814680766730182,0.035119682962533316,0.26238807677723786
2024-12-04 00:00:00-05:00,612.4659929347591,617.282115464708,604.6122815307718,613.2853393554688,14697000,0.0,0.0,0.00021182688845722275,0.017416229285645523,0.00021182688845722275,0.20883484213726294
2024-12-05 00:00:00-05:00,616.5826646645681,619.4003991271754,606.5607193426367,608.439208984375,8081200,0.0,0.0,-0.007901917851463325,0.017584693308128077,-0.007901917851463325,0.1862535727999056
2024-12-06 00:00:00-05:00,609.6082467951667,629.2823794750941,608.0395658524756,623.2672729492188,16935500,0.0,0.0,0.024370658146103397,0.016779668582363943,0.024370658146103397,0.16545218981223617
2024-12-09 00:00:00-05:00,623.4171345099019,625.8951772240001,605.681440124963,613.0755004882812,11426000,0.0,0.0,-0.016352170093435814,0.017262797625605328,-0.016352170093435814,0.12501156720042206
2024-12-10 00:00:00-05:00,617.0622705435762,625.0858279793719,612.2461479396557,618.8208618164062,10938900,0.0,0.0,0.009371376483890081,0.01706793633527689,0.009371376483890081,0.18456193136032364
2024-12-11 00:00:00-05:00,622.867550372131,637.8854652597508,621.0290675894443,632.1700439453125,10837200,0.0,0.0,0.021571965252953573,0.017556934351046088,0.021571965252953573,0.23279806708590992
2024-12-12 00:00:00-05:00,630.9910048638284,636.1468190198666,626.7044846004596,630.2815551757812,7474700,0.0,0.0,-0.002987311384995972,0.017401355050578295,-0.002987311384995972,0.24997744209377787
2024-12-13 00:00:00-05:00,626.7144335100988,630.5713687123745,616.3928033653502,619.8499755859375,8453300,0.0,0.0,-0.016550666133541614,0.01791483221480714,-0.016550666133541614,0.21028610020332722
2024-12-16 00:00:00-05:00,629.97998046875,631.1500244140625,618.5800170898438,624.239990234375,10885600,0.5,0.0,0.007082382546337307,0.014660161880447404,0.007082382546337307,0.4175127956588922
2024-12-17 00:00:00-05:00,626.1699829101562,632.3699951171875,616.5399780273438,619.4400024414062,12897800,0.0,0.0,-0.007689330815166984,0.014938579371445727,-0.007689330815166984,0.38206176685288984
2024-12-18 00:00:00-05:00,621.0,627.3599853515625,596.3200073242188,597.1900024414062,17075500,0.0,0.0,-0.035919540088314994,0.017497800513133047,-0.035919540088314994,0.1890595311677635
2024-12-19 00:00:00-05:00,610.3900146484375,611.52001953125,595.0,595.5700073242188,14958100,0.0,0.0,-0.0027126963120024383,0.01751220523402169,-0.0027126963120024383,0.15861664439530354
2024-12-20 00:00:00-05:00,590.5800170898438,603.1099853515625,580.0,585.25,48989400,0.0,0.0,-0.017327950026537642,0.018024203699221506,-0.017327950026537642,0.11796227478325802
2024-12-23 00:00:00-05:00,589.5999755859375,601.0900268554688,586.25,599.8499755859375,10205800,0.0,0.0,0.024946562299765107,0.018579420873795237,0.024946562299765107,0.2004499470600406
2024-12-24 00:00:00-05:00,602.719970703125,607.989990234375,599.280029296875,607.75,4726100,0.0,0.0,0.01317000039275773,0.018636795693897014,0.01317000039275773,0.2065211219184145
2024-12-26 00:00:00-05:00,605.47998046875,606.2999877929688,598.9400024414062,603.3499755859375,6081400,0.0,0.0,-0.007239859175750762,0.018602737698211184,-0.007239859175750762,0.14734556241599223
2024-12-27 00:00:00-05:00,599.4099731445312,601.8499755859375,589.7999877929688,599.8099975585938,8084200,0.0,0.0,-0.0058672050560802935,0.018556994476249405,-0.0058672050560802935,0.15228845174918812
2024-12-30 00:00:00-05:00,588.75,596.9400024414062,585.5800170898438,591.239990234375,7025900,0.0,0.0,-0.01428787009069743,0.0188771687878133,-0.01428787009069743,0.08803602800965143
2024-12-31 00:00:00-05:00,592.27001953125,593.969970703125,583.8499755859375,585.510009765625,6019500,0.0,0.0,-0.009691462964943498,0.01758775537140905,-0.009691462964943498,-0.024686279848561903
2025-01-02 00:00:00-05:00,589.719970703125,604.9099731445312,587.8200073242188,599.239990234375,12682300,0.0,0.0,0.02344960844349364,0.01650646185346667,0.02344960844349364,-0.0616534291838504
2025-01-03 00:00:00-05:00,604.760009765625,609.5,596.4099731445312,604.6300048828125,11436800,0.0,0.0,0.008994751245372301,0.01665703973086375,0.008994751245372301,-0.03473208736129259
2025-01-06 00:00:00-05:00,611.8300170898438,630.989990234375,605.6199951171875,630.2000122070312,14560800,0.0,0.0,0.042290338087297874,0.019097847178653257,0.042290338087297874,0.10111501153824577
2025-01-07 00:00:00-05:00,631.7000122070312,632.0999755859375,608.22998046875,617.8900146484375,12071500,0.0,0.0,-0.01953347718208187,0.01890508338563687,-0.01953347718208187,-0.013971254355045891
2025-01-08 00:00:00-05:00,613.4000244140625,616.4400024414062,602.7899780273438,610.719970703125,10085800,0.0,0.0,-0.011604078032223963,0.01872134094019928,-0.011604078032223963,-0.0014274151413006565
2025-01-10 00:00:00-05:00,610.030029296875,629.9099731445312,597.3400268554688,615.8599853515625,19256600,0.0,0.0,0.008416319909302805,0.018697309992491164,0.008416319909302805,-0.003983244342783302
2025-01-13 00:00:00-05:00,607.0999755859375,608.969970703125,598.4500122070312,608.3300170898438,10785000,0.0,0.0,-0.012226753549218317,0.01815748414975797,-0.012226753549218317,-0.0971727073976253
2025-01-14 00:00:00-05:00,605.0700073242188,605.489990234375,588.5499877929688,594.25,13598000,0.0,0.0,-0.023145359746014726,0.018777817939078224,-0.023145359746014726,-0.1476377245432212
2025-01-15 00:00:00-05:00,610.2100219726562,622.4600219726562,606.5,617.1199951171875,15524300,0.0,0.0,0.03848547768984023,0.020596928808054343,0.03848547768984023,-0.000995639759422623
2025-01-16 00:00:00-05:00,611.5,616.25,609.7100219726562,611.2999877929688,8355300,0.0,0.0,-0.009430916791334232,0.020628169760810423,-0.009430916791334232,-0.04102022127694713
2025-01-17 00:00:00-05:00,624.0499877929688,624.969970703125,603.6699829101562,612.77001953125,17244000,0.0,0.0,0.002404763238403884,0.02057534496523648,0.002404763238403884,-0.016595949473764027
