Date,Open,High,Low,Close,Volume,Dividends,Stock Splits,ticker,Daily Return,Volatility,ROI,Sharpe Ratio
2024-01-18 00:00:00-05:00,185.18277784532796,188.21791164443712,184.9240508532924,187.7104034423828,78005800,0.0,0.0,AAPL,0.015533106607502623,0.002382902211476537,0.015533106607502623,5.81145975196452
2024-01-19 00:00:00-05:00,188.40700480825,191.0142272656924,187.8994965603635,190.62612915039065,68741000,0.0,0.0,AAPL,0.015533106607502623,0.002382902211476537,0.015533106607502623,5.81145975196452
2024-01-22 00:00:00-05:00,191.3625031283665,194.37773007418247,191.3226896328841,192.9447479248047,60133900,0.0,0.0,AAPL,0.012163173982223663,0.002382902211476537,0.012163173982223663,5.81145975196452
2024-01-23 00:00:00-05:00,194.06924615918857,194.7956830243268,192.8850451968675,194.22845458984372,42355600,0.0,0.0,AAPL,0.006653234559871546,0.004482707625219555,0.006653234559871546,2.5542237728784474
2024-01-24 00:00:00-05:00,194.4672860626603,195.42261254918645,193.3925494594681,193.55177307128903,53631300,0.0,0.0,AAPL,-0.0034839463660648606,0.008315703628465418,-0.0034839463660648606,0.9279301596883904
2024-01-25 00:00:00-05:00,194.2682881337411,195.31317233681816,192.1685739447696,193.2234039306641,54822100,0.0,0.0,AAPL,-0.0016965442135422615,0.008341694641793856,-0.0016965442135422615,0.6993548870476994
2024-01-26 00:00:00-05:00,193.32290534776368,193.8105067973861,191.00426266727368,191.4819183349609,44594000,0.0,0.0,AAPL,-0.009012808802023264,0.009612704375096794,-0.009012808802023264,0.3494718201637626
2024-01-29 00:00:00-05:00,191.07392183626405,191.2629979920715,188.65577567784425,190.7952880859375,47145600,0.0,0.0,AAPL,-0.0035858751311561576,0.009159384349646752,-0.0035858751311561576,0.2584443920224578
2024-01-30 00:00:00-05:00,190.0091315254044,190.86493945980703,186.55604725857967,187.12326049804688,55859400,0.0,0.0,AAPL,-0.01924590289796191,0.011414909104198914,-0.01924590289796191,-0.029298987805413512
2024-01-31 00:00:00-05:00,186.1281514224312,186.18787167030365,183.4512782422412,183.5010223388672,55467800,0.0,0.0,AAPL,-0.019357498097984926,0.012418580248697703,-0.019357498097984926,-0.19713347006300933
2024-02-01 00:00:00-05:00,183.0930320985484,186.038593239456,182.9238626911125,185.94903564453125,64885400,0.0,0.0,AAPL,0.013340597640613572,0.012728464450406984,0.013340597640613572,-0.06829152685612475
2024-02-02 00:00:00-05:00,178.9831513103476,186.41673495449572,178.3761245608121,184.94395446777344,102518000,0.0,0.0,AAPL,-0.005405143260216572,0.012152482175989882,-0.005405143260216572,-0.10545998134058512
2024-02-05 00:00:00-05:00,187.23273981487077,188.3273832549743,184.9340037750539,186.76502990722656,69668800,0.0,0.0,AAPL,0.009846634050265424,0.012024013983844922,0.009846634050265424,-0.029461680698479674
2024-02-06 00:00:00-05:00,185.9490291787125,188.38708201253655,185.8594715869018,188.37713623046875,43490800,0.0,0.0,AAPL,0.00863173541665141,0.011778803528265682,0.00863173541665141,0.02860917120947703
2024-02-07 00:00:00-05:00,189.710602105516,190.118606941087,187.69049986083044,188.48660278320312,53439000,0.0,0.0,AAPL,0.0005811031791058685,0.011316896452551552,0.0005811031791058685,0.031317689363787114
2024-02-08 00:00:00-05:00,188.46670752859183,188.6159701924648,186.4366593779137,187.4019317626953,40962000,0.0,0.0,AAPL,-0.005754631918086006,0.011018719005314287,-0.005754631918086006,-0.004796475588009245
2024-02-09 00:00:00-05:00,187.96983733269656,189.30501766665415,187.32218691688763,188.16912841796875,45155200,0.24,0.0,AAPL,0.0040938567071171494,0.010695453380263313,0.0040938567071171494,0.019290273042602585
2024-02-12 00:00:00-05:00,187.7406910525987,187.9897897322466,186.1165627960856,186.4752655029297,41781900,0.0,0.0,AAPL,-0.009001810920208908,0.010593904088316267,-0.009001810920208908,-0.03165371672775468
2024-02-13 00:00:00-05:00,185.1002428282,185.53865891732192,182.84838113476025,184.37286376953125,56529500,0.0,0.0,AAPL,-0.011274426813273064,0.010596083006304132,-0.011274426813273064,-0.08900116028760252
2024-02-14 00:00:00-05:00,184.6518638454696,184.8610982078661,181.78224238811129,183.48606872558597,54630500,0.0,0.0,AAPL,-0.004809791559422738,0.010335680473429577,-0.004809791559422738,-0.11093373857265862
2024-02-15 00:00:00-05:00,182.88824837462903,183.82486181575325,180.69618309757163,183.19712829589844,65434500,0.0,0.0,AAPL,-0.0015747267991209624,0.010060468187793086,-0.0015747267991209624,-0.116096309832051
2024-02-16 00:00:00-05:00,182.75869330174024,184.18354546694675,181.0150027746939,181.65269470214844,49701400,0.0,0.0,AAPL,-0.008430446525643398,0.009370029939655423,-0.008430446525643398,-0.2525243679776154
2024-02-20 00:00:00-05:00,181.134577279735,181.77226924950585,179.3510375405212,180.9054107666016,53665600,0.0,0.0,AAPL,-0.0041138059458580845,0.00872641919694238,-0.0041138059458580845,-0.3644117722377055
2024-02-21 00:00:00-05:00,181.28405435734408,182.23062628266825,180.00867035619171,181.6626892089844,41529700,0.0,0.0,AAPL,0.004186046393934717,0.008596569652253312,0.004186046393934717,-0.3842659836156713
2024-02-22 00:00:00-05:00,182.81850104532415,184.29317619439556,181.8021893660984,183.70529174804688,52292200,0.0,0.0,AAPL,0.011243929878813175,0.009190570035925388,0.011243929878813175,-0.27930536091512204
2024-02-23 00:00:00-05:00,184.3429666556088,184.37285727847149,181.57299077597804,181.8619537353516,45119700,0.0,0.0,AAPL,-0.0100342129241624,0.009336941690731296,-0.0100342129241624,-0.3195756185767879
2024-02-26 00:00:00-05:00,181.5829591995408,182.10107345002203,179.99868021477354,180.50685119628903,40867400,0.0,0.0,AAPL,-0.0074512701047659835,0.009290285612384054,-0.0074512701047659835,-0.3127763884561902
2024-02-27 00:00:00-05:00,180.4470750372319,183.25690001064535,178.9126187804792,181.9715576171875,54318900,0.0,0.0,AAPL,0.008114409016562352,0.009608154373732492,0.008114409016562352,-0.2415414744507808
2024-02-28 00:00:00-05:00,181.85199678307723,182.45979817680956,179.48058766314844,180.76593017578125,48953900,0.0,0.0,AAPL,-0.0066253619916939455,0.008820196347918653,-0.0066253619916939455,-0.19157631669587524
2024-02-29 00:00:00-05:00,180.61647239906964,181.91178855608587,178.88274013933005,180.0983428955078,136682600,0.0,0.0,AAPL,-0.0036931034494401827,0.007805924057547775,-0.0036931034494401827,-0.11613243861434795
2024-03-01 00:00:00-05:00,178.9026640457765,179.87912655443867,176.74048946042234,179.01226806640625,73488000,0.0,0.0,AAPL,-0.006030454315349765,0.00711643382732837,-0.006030454315349765,-0.26348500382860024
2024-03-04 00:00:00-05:00,175.5149217629811,176.26221779411006,173.1634296435442,174.46871948242188,81510100,0.0,0.0,AAPL,-0.025381213438952166,0.008832815690782602,-0.025381213438952166,-0.32536364436715026
2024-03-05 00:00:00-05:00,170.14434479927544,171.4197287337638,169.00845550750375,169.50665283203125,95132400,0.0,0.0,AAPL,-0.028441010314691817,0.010002430595712956,-0.028441010314691817,-0.47870957719781493
2024-03-06 00:00:00-05:00,170.44326190896186,170.6226208472031,168.0718378391885,168.51025390625,68587700,0.0,0.0,AAPL,-0.005878229020123582,0.00949096124130555,-0.005878229020123582,-0.5809482731071116
2024-03-07 00:00:00-05:00,168.5401391424349,170.1144444221278,167.88253026663398,168.39068603515625,71765100,0.0,0.0,AAPL,-0.0007095584293658197,0.00945164500281867,-0.0007095584293658197,-0.5901925666932066
2024-03-08 00:00:00-05:00,168.39069767067738,173.0737495355564,168.33091642363513,170.1144561767578,76114600,0.0,0.0,AAPL,0.010236730915400338,0.010090735453069648,0.010236730915400338,-0.4735752417885997
2024-03-11 00:00:00-04:00,172.31649942978052,173.75131021022753,171.42970876738983,172.12718200683594,60139500,0.0,0.0,AAPL,0.011831597827210993,0.010585049897002053,0.011831597827210993,-0.4149092794783554
2024-03-12 00:00:00-04:00,172.52572483722955,173.40255698056936,170.39344092810595,172.60543823242188,59825400,0.0,0.0,AAPL,0.0027785049404163153,0.010642628929137234,0.0027785049404163153,-0.35731957379111445
2024-03-13 00:00:00-04:00,172.14711771653415,172.56560166885345,170.14435462584885,170.51303100585938,52488700,0.0,0.0,AAPL,-0.012122487263379056,0.010675602917129426,-0.012122487263379056,-0.3601878681073637
2024-03-14 00:00:00-04:00,172.286609864896,173.68155635236576,171.4297098215142,172.37628173828125,72913500,0.0,0.0,AAPL,0.010927321633018572,0.011169310138061554,0.010927321633018572,-0.2738187907807812
2024-03-15 00:00:00-04:00,170.55286572568298,171.9976348876953,169.67603359258842,171.9976348876953,121664700,0.0,0.0,AAPL,-0.002196629645143666,0.011165827461535044,-0.002196629645143666,-0.27668904510691233
2024-03-18 00:00:00-04:00,174.93702524630143,177.06930930187292,172.89441306506424,173.09368896484375,75604200,0.0,0.0,AAPL,0.006372495051249372,0.011283160533278836,0.006372495051249372,-0.20821427226767739
2024-03-19 00:00:00-04:00,173.7114429731932,175.9732631292534,172.40616838919215,175.44517517089844,55215200,0.0,0.0,AAPL,0.013585048768197883,0.011818835480894387,0.013585048768197883,-0.12390157439626338
2024-03-20 00:00:00-04:00,175.08647190626633,178.0258331298828,174.45873840154812,178.0258331298828,53423100,0.0,0.0,AAPL,0.014709198793700695,0.012307748745674245,0.014709198793700695,-0.07622959511215932
2024-03-21 00:00:00-04:00,176.41166541450514,176.85008146724155,170.2240483134294,170.75213623046875,106181300,0.0,0.0,AAPL,-0.040857536075156964,0.014845790363734101,-0.040857536075156964,-0.23867291094040563
2024-03-22 00:00:00-04:00,171.14074502028382,172.42610267352754,169.44687710249696,171.65887451171875,71106600,0.0,0.0,AAPL,0.005310260247790799,0.014889121614107692,0.005310260247790799,-0.1864491683710484
2024-03-25 00:00:00-04:00,169.9550500090239,171.32010587263267,168.83907761478048,170.23403930664062,54288300,0.0,0.0,AAPL,-0.008300387667873554,0.014904357285187032,-0.008300387667873554,-0.1891071293414576
2024-03-26 00:00:00-04:00,169.38709229314748,170.80197088667242,168.96860836017046,169.09814453125,57388400,0.0,0.0,AAPL,-0.00667254786420568,0.014698817242572748,-0.00667254786420568,-0.24205131652462294
2024-03-27 00:00:00-04:00,169.79562681694486,172.97412838637234,169.4967053620682,172.68516540527344,60273300,0.0,0.0,AAPL,0.02121265661410332,0.015678464862031165,0.02121265661410332,-0.13814918448266336
2024-03-28 00:00:00-04:00,171.1307861915964,171.60905138066403,169.8952513157474,170.86175537109375,65672700,0.0,0.0,AAPL,-0.010559158511967981,0.01578844902341666,-0.010559158511967981,-0.1589307400641102
2024-04-01 00:00:00-04:00,170.5727983430009,170.63257958791667,168.86895684402387,169.41697692871094,46240500,0.0,0.0,AAPL,-0.008455832841263389,0.015826187619646354,-0.008455832841263389,-0.16621430740441018
2024-04-02 00:00:00-04:00,168.47041766713258,168.72947481572177,167.62347609078947,168.2312774658203,49329500,0.0,0.0,AAPL,-0.006998705114361403,0.014944613405921623,-0.006998705114361403,-0.11451707390062725
2024-04-03 00:00:00-04:00,168.1814453345995,170.0646306043195,167.97221097339488,169.03834533691406,47691700,0.0,0.0,AAPL,0.004797371114641402,0.013603678588578947,0.004797371114641402,-0.003638304597781628
2024-04-04 00:00:00-04:00,169.676035612487,171.30016373186453,168.2113494873047,168.2113494873047,53704400,0.0,0.0,AAPL,-0.004892356512133822,0.013583217044875771,-0.004892356512133822,-1.4775657005199726e-05
2024-04-05 00:00:00-04:00,168.97857114439864,169.77568993392828,168.3408791535302,168.96861267089844,42055200,0.0,0.0,AAPL,0.004501855468741045,0.013618832356053014,0.004501855468741045,0.019118378664345417
2024-04-08 00:00:00-04:00,168.42059262733576,168.58997789957206,167.6334475147346,167.84268188476562,37425500,0.0,0.0,AAPL,-0.006663549924066703,0.01349095450424518,-0.006663549924066703,-0.04333600323387955
2024-04-09 00:00:00-04:00,168.09178448948546,169.46681405411152,167.7430554633485,169.05828857421875,42451200,0.0,0.0,AAPL,0.007242536140406264,0.013306428854457816,0.007242536140406264,-0.061180737617035026
2024-04-10 00:00:00-04:00,168.1914367648804,168.48038455258805,166.5075272055357,167.17510986328125,49709300,0.0,0.0,AAPL,-0.011139227344719949,0.013471561252401527,-0.011139227344719949,-0.11208676695523774
2024-04-11 00:00:00-04:00,167.73307888899373,174.8274194382653,167.55373514215378,174.40892028808594,91070300,0.0,0.0,AAPL,0.04327085790893537,0.016523434240631164,0.04327085790893537,0.07623618030306409
2024-04-12 00:00:00-04:00,173.63173034934167,177.71695459263955,173.58192277868224,175.91348266601562,101593300,0.0,0.0,AAPL,0.008626636616088534,0.016460475494516957,0.008626636616088534,0.06953925854264449
2024-04-15 00:00:00-04:00,174.7277545222084,175.9931798985106,171.8780654093003,172.0673828125,73531800,0.0,0.0,AAPL,-0.021863587686554498,0.017239601255292444,-0.021863587686554498,0.009356443730275867
2024-04-16 00:00:00-04:00,171.13079884415893,173.13354682452112,167.6633493604441,168.76934814453125,73711200,0.0,0.0,AAPL,-0.01916711124479986,0.01769517955412884,-0.01916711124479986,-0.06304988046671739
2024-04-17 00:00:00-04:00,168.99849837401,170.0347421275801,167.39430236816406,167.39430236816406,50901200,0.0,0.0,AAPL,-0.008147485260117437,0.017409900332447437,-0.008147485260117437,-0.12649731561278252
2024-04-18 00:00:00-04:00,167.4241802492927,168.0319815519269,165.94952052629202,166.437744140625,43122900,0.0,0.0,AAPL,-0.005714401350621956,0.0169588784748283,-0.005714401350621956,-0.1900765825488622
2024-04-19 00:00:00-04:00,165.610765092168,165.80006730864108,163.48843957599198,164.40512084960938,67772100,0.0,0.0,AAPL,-0.012212514063506208,0.014668120893340818,-0.012212514063506208,-0.12211752117392817
2024-04-22 00:00:00-04:00,164.92325754431266,166.65697461863107,164.17596150778874,165.24209594726562,48116400,0.0,0.0,AAPL,0.005090930825821793,0.01466261304871907,0.005090930825821793,-0.12291131388959191
2024-04-23 00:00:00-04:00,164.75386398167788,166.44773187185876,164.32540636965405,166.2982635498047,49537800,0.0,0.0,AAPL,0.006391637654342697,0.014687932729494589,0.006391637654342697,-0.0726855023388073
2024-04-24 00:00:00-04:00,165.93957460997115,168.68963384433354,165.61077772251917,168.41064453125,48251800,0.0,0.0,AAPL,0.012702363430347363,0.01493564981657825,0.012702363430347363,-0.0066186744633330245
2024-04-25 00:00:00-04:00,168.91879363485126,169.9949017439694,167.54376407257087,169.27749633789062,50558300,0.0,0.0,AAPL,0.005147250692219663,0.014139968237299216,0.005147250692219663,-0.0637996129120558
2024-04-26 00:00:00-04:00,169.26753170576032,170.72225941243215,168.57004327249933,168.6896209716797,44838400,0.0,0.0,AAPL,-0.003472850077115397,0.013973047117122986,-0.003472850077115397,-0.03920469699944855
2024-04-29 00:00:00-04:00,172.74492977704497,175.39534310552878,172.47591417733986,172.8744659423828,68169400,0.0,0.0,AAPL,0.0248079576360285,0.014929181856183804,0.0248079576360285,0.07471142465966873
2024-04-30 00:00:00-04:00,172.7050959791447,174.3591148377481,169.38709978825105,169.71591186523438,65934800,0.0,0.0,AAPL,-0.018270795862942224,0.015455132673069982,-0.018270795862942224,0.0357017904486306
2024-05-01 00:00:00-04:00,168.96861026347364,172.08733045132695,168.50030355143892,168.6896209716797,50383100,0.0,0.0,AAPL,-0.0060471106231313465,0.015488538170440807,-0.0060471106231313465,0.0006167025613379346
2024-05-02 00:00:00-04:00,171.8880442050533,172.7947670308616,170.27388965643632,172.4061737060547,94214900,0.0,0.0,AAPL,0.022031899253593945,0.01619407101085338,0.022031899253593945,0.08371981378486217
2024-05-03 00:00:00-04:00,185.9770408577792,186.32578503963057,182.0014362443012,182.7188415527344,163224100,0.0,0.0,AAPL,0.05981611693478217,0.020821853793319797,0.05981611693478217,0.19793999725768008
2024-05-06 00:00:00-04:00,181.6925778578994,183.5358989126904,179.76952819965473,181.0548858642578,78569700,0.0,0.0,AAPL,-0.009106645348319842,0.020895492204754357,-0.009106645348319842,0.19139644437889392
2024-05-07 00:00:00-04:00,182.78860333233249,184.23337259597065,180.66629297548116,181.7423858642578,77305800,0.0,0.0,AAPL,0.0037971910932879105,0.020881544609383008,0.0037971910932879105,0.1832745484479771
2024-05-08 00:00:00-04:00,182.19076551728077,182.40997355379537,180.79580390275356,182.08116149902344,45057100,0.0,0.0,AAPL,0.001864043069285115,0.02059145037145482,0.001864043069285115,0.21743097737728184
2024-05-09 00:00:00-04:00,181.90182360877463,183.99425867082292,181.45344901084357,183.9045867919922,48983000,0.0,0.0,AAPL,0.01001435446674992,0.018533841664267133,0.01001435446674992,0.15185162681075645
2024-05-10 00:00:00-04:00,184.483257157066,184.6728313615845,181.7195112814573,182.63743591308597,50759500,0.25,0.0,AAPL,-0.006890262505194866,0.018602379496728928,-0.006890262505194866,0.1095853921304118
2024-05-13 00:00:00-04:00,185.0220348889267,186.67829703001243,184.2038757983674,185.86013793945312,72044800,0.0,0.0,AAPL,0.017645352992695207,0.018019191968541858,0.017645352992695207,0.222762268845237
2024-05-14 00:00:00-04:00,187.0873746193062,187.87560260141976,185.87012310151908,187.00755310058597,52393600,0.0,0.0,AAPL,0.006173540888614992,0.017174532505620854,0.006173540888614992,0.30749184530132817
2024-05-15 00:00:00-04:00,187.48648604697289,190.2203008031565,186.9476945906926,189.2924041748047,70400000,0.0,0.0,AAPL,0.01221796144773779,0.01693856584845569,0.01221796144773779,0.3718910493421777
2024-05-16 00:00:00-04:00,190.04070957734743,190.66929452090585,189.23253763528552,189.41212463378903,52845200,0.0,0.0,AAPL,0.0006324630906677786,0.01676015814522231,0.0006324630906677786,0.394784117934138
2024-05-17 00:00:00-04:00,189.0828579141952,190.3799308889647,188.7535998742954,189.44204711914065,41282900,0.0,0.0,AAPL,0.0001579755541492034,0.01624917952239277,0.0001579755541492034,0.44526363443214667
2024-05-20 00:00:00-04:00,188.90328335886423,191.48744227389747,188.58399727816297,190.6094207763672,44361300,0.0,0.0,AAPL,0.006162167665409335,0.016243504070928488,0.006162167665409335,0.44871664025407343
2024-05-21 00:00:00-04:00,190.65930352654092,192.295606563888,190.4896885120816,191.91647338867188,42309400,0.0,0.0,AAPL,0.006857229862936354,0.01624248432497854,0.006857229862936354,0.4501780661622858
2024-05-22 00:00:00-04:00,191.83664908760775,192.38541249371693,189.84115686495448,190.4697265625,34648500,0.0,0.0,AAPL,-0.007538419191571499,0.016517203988442353,-0.007538419191571499,0.38141873505966495
2024-05-23 00:00:00-04:00,190.54955125962863,190.5695104450197,186.20936473753517,186.45880126953125,51005900,0.0,0.0,AAPL,-0.02105807240528912,0.01761629083662563,-0.02105807240528912,0.2832437851641683
2024-05-24 00:00:00-04:00,188.3944296603675,190.15045735054443,187.6161736804281,189.5518035888672,36294600,0.0,0.0,AAPL,0.016588127233881034,0.017680091059314472,0.016588127233881034,0.3389549150263755
2024-05-28 00:00:00-04:00,191.0783459138836,192.56499305086223,188.6737894364844,189.5617828369141,52280100,0.0,0.0,AAPL,5.2646547582080316e-05,0.017152195629014523,5.2646547582080316e-05,0.27722329613607577
2024-05-29 00:00:00-04:00,189.18265440509,191.816703719756,189.0828736970108,189.86111450195312,53068000,0.0,0.0,AAPL,0.0015790717968535706,0.016302982183891358,0.0015790717968535706,0.3525417329422684
2024-05-30 00:00:00-04:00,190.33005195445256,191.74684967437963,190.2003553062749,190.85885620117188,49947900,0.0,0.0,AAPL,0.005255113464576633,0.016066801897537862,0.005255113464576633,0.39289665957658637
2024-05-31 00:00:00-04:00,191.0085090318276,192.13596695656705,189.48195877103,191.81668090820312,75158300,0.0,0.0,AAPL,0.005018497575096426,0.015635327132332885,0.005018497575096426,0.34933216717938653
2024-06-03 00:00:00-04:00,192.46522387732944,194.55052487571635,192.08609069758455,193.5926818847656,50080500,0.0,0.0,AAPL,0.009258845310812225,0.009110554729329328,0.009258845310812225,0.3220505466096907
2024-06-04 00:00:00-04:00,194.20129645164835,194.87977170290745,192.59492465346364,193.91195678710935,47471400,0.0,0.0,AAPL,0.0016492095632716364,0.008669152193618268,0.0016492095632716364,0.40048343811905435
2024-06-05 00:00:00-04:00,194.95958593724887,196.45620511862305,194.43078171111517,195.42852783203125,54156800,0.0,0.0,AAPL,0.007820925898792908,0.008723618492725314,0.007820925898792908,0.4210453058459409
2024-06-06 00:00:00-04:00,195.24895132280375,196.0571232882409,193.73237287474004,194.0416717529297,41181800,0.0,0.0,AAPL,-0.00709648736797297,0.009045570425926915,-0.00709648736797297,0.35652943293064454
2024-06-07 00:00:00-04:00,194.2112712938544,196.4961183769711,193.7024262662087,196.44622802734372,53103900,0.0,0.0,AAPL,0.012391958143278314,0.009154462881507775,0.012391958143278314,0.3652745465898486
2024-06-10 00:00:00-04:00,196.45620195884163,196.85530953542744,191.7169079607164,192.68472290039065,97262100,0.0,0.0,AAPL,-0.019147759489836047,0.010223563561024142,-0.019147759489836047,0.26712969629258254
2024-06-11 00:00:00-04:00,193.21353266624035,206.6930926736998,193.1935887051364,206.68310546875,172373300,0.0,0.0,AAPL,0.07264915639210212,0.01849714290479473,0.07264915639210212,0.2963272559046851
2024-06-12 00:00:00-04:00,206.902617394007,219.7037025197263,206.4336754784377,212.58978271484372,198134300,0.0,0.0,AAPL,0.028578423150250165,0.01920614583729335,0.028578423150250165,0.3437155881279466
2024-06-13 00:00:00-04:00,214.25601418934664,216.2614784743462,211.12309188063196,213.75714111328125,97862700,0.0,0.0,AAPL,0.005491131245960901,0.019161460550643616,0.005491131245960901,0.3269641260116319
2024-06-14 00:00:00-04:00,213.36801320894725,214.68503016669277,210.8237575657328,212.01107788085935,70122700,0.0,0.0,AAPL,-0.008168443979593487,0.019397229607958835,-0.008168443979593487,0.30030395918726555
2024-06-17 00:00:00-04:00,212.8890905531968,218.45651588142053,212.2405616472853,216.18165588378903,93728300,0.0,0.0,AAPL,0.01967150983154453,0.0195870083815118,0.01967150983154453,0.3472067520440479
2024-06-18 00:00:00-04:00,217.09957203800775,218.13723651623957,212.5199210550432,213.8070068359375,79943300,0.0,0.0,AAPL,-0.010984507626900841,0.019987593438556637,-0.010984507626900841,0.29735484744870505
2024-06-20 00:00:00-04:00,213.44781843702847,213.75713252024897,208.3792815854295,209.2073974609375,86172500,0.0,0.0,AAPL,-0.021512902888769503,0.020904978810105456,-0.021512902888769503,0.21645088480147703
2024-06-21 00:00:00-04:00,209.91581187096148,211.41243109582916,206.64320571720276,207.02235412597656,246421400,0.0,0.0,AAPL,-0.01044438849428797,0.021003105464542624,-0.01044438849428797,0.20852167325737908
2024-06-24 00:00:00-04:00,207.2518316223831,212.2206031895828,206.1243736003879,207.6708831787109,80727000,0.0,0.0,AAPL,0.0031326522948325053,0.0201399032515483,0.0031326522948325053,0.27751567920983106
2024-06-25 00:00:00-04:00,208.67859169129048,210.9035764661568,208.13981549353107,208.59878540039065,56713900,0.0,0.0,AAPL,0.004468138274739353,0.01997318274296849,0.004468138274739353,0.24949150800069303
2024-06-26 00:00:00-04:00,211.0233076661301,214.3757352905112,210.16524538059213,212.7693634033203,66213200,0.0,0.0,AAPL,0.01999329955313267,0.0202104014536834,0.01999329955313267,0.2958957616996893
2024-06-27 00:00:00-04:00,214.2061287476001,215.2537652762344,211.8714063519454,213.61746215820312,49772700,0.0,0.0,AAPL,0.003986000340073348,0.020189970912083913,0.003986000340073348,0.30215588651016434
2024-06-28 00:00:00-04:00,215.2836804856933,215.5830073608868,209.8260080950157,210.1452789306641,82542700,0.0,0.0,AAPL,-0.016254210645792466,0.020800999773632665,-0.016254210645792466,0.24157744381144816
2024-07-01 00:00:00-04:00,211.61197396968475,217.01975619065925,211.4423589537816,216.261474609375,60402900,0.0,0.0,AAPL,0.0291046066313434,0.021486554055998808,0.0291046066313434,0.28991888557904294
2024-07-02 00:00:00-04:00,215.66281990345283,219.88329699479613,214.6151986465016,219.77354431152344,58046200,0.0,0.0,AAPL,0.016239923030637593,0.021594790975313763,0.016239923030637593,0.30462956091404014
2024-07-03 00:00:00-04:00,219.50414962607877,221.0506591796875,218.5363346575029,221.0506591796875,37369800,0.0,0.0,AAPL,0.005811049151365433,0.021564823591698472,0.005811049151365433,0.3147024896070798
2024-07-05 00:00:00-04:00,221.15041758535088,225.93960192344272,221.15041758535088,225.8298492431641,60412400,0.0,0.0,AAPL,0.021620338438311126,0.021818922436467138,0.021620338438311126,0.3426601071153301
2024-07-08 00:00:00-04:00,226.57816816685516,227.33646497984205,222.74682662809303,227.30653381347656,59085900,0.0,0.0,AAPL,0.006538925546208274,0.021550984482490737,0.006538925546208274,0.37855555747618863
2024-07-09 00:00:00-04:00,227.4162716895273,228.8829597417087,225.85979013808537,228.16458129882807,48076100,0.0,0.0,AAPL,0.00377484743159906,0.02154802570952629,0.00377484743159906,0.3586124090212943
2024-07-10 00:00:00-04:00,228.78319647541343,232.5546757248293,228.7333061227644,232.45489501953125,62627700,0.0,0.0,AAPL,0.018803592110048672,0.020711583602432745,0.018803592110048672,0.46471371644463316
2024-07-11 00:00:00-04:00,230.86848076037649,231.86622690917008,225.26115227596375,227.05709838867188,64710600,0.0,0.0,AAPL,-0.023220834435023763,0.01589052640306685,-0.023220834435023763,0.30404640635765756
2024-07-12 00:00:00-04:00,228.40404188598967,232.1156587015828,228.1645773343909,230.0203857421875,53046500,0.0,0.0,AAPL,0.01305084656918809,0.015024983498899518,0.01305084656918809,0.2698890563991537
2024-07-15 00:00:00-04:00,235.94700263838573,236.6953122424788,232.5646438368613,233.87168884277344,62631300,0.0,0.0,AAPL,0.016743312068446814,0.015289919100609659,0.016743312068446814,0.30200863913472376
2024-07-16 00:00:00-04:00,234.4703279528375,235.73746973269036,231.8063477557903,234.29074096679688,43234300,0.0,0.0,AAPL,0.001791803557313676,0.01501120814252585,0.001791803557313676,0.34079202608669645
2024-07-17 00:00:00-04:00,228.9328431112231,230.93832254659503,226.12917896312732,228.3641357421875,57345900,0.0,0.0,AAPL,-0.025295942981584885,0.01604809198323874,-0.025295942981584885,0.17867092232763737
2024-07-18 00:00:00-04:00,229.76098610155705,229.92062914212065,221.7690447852705,223.6747283935547,66034600,0.0,0.0,AAPL,-0.020534780268329555,0.01661405364840091,-0.020534780268329555,0.14384290641812217
2024-07-19 00:00:00-04:00,224.31328836166992,226.288821401956,222.77675082247163,223.80442810058597,49151500,0.0,0.0,AAPL,0.0005798585649920973,0.015647499149446235,0.0005798585649920973,0.2233233441002834
2024-07-22 00:00:00-04:00,226.4983442399413,227.26661302541467,222.587181224328,223.45523071289065,48201800,0.0,0.0,AAPL,-0.0015602791716810005,0.015354329115020826,-0.0015602791716810005,0.25651770738311935
2024-07-23 00:00:00-04:00,223.86429647317823,226.4285113596948,222.1781030613285,224.5028533935547,39960300,0.0,0.0,AAPL,0.004688288912825245,0.015353971425365855,0.004688288912825245,0.2615895928564264
2024-07-24 00:00:00-04:00,223.4951403192113,224.29334029380243,216.64062905712152,218.0474395751953,61777600,0.0,0.0,AAPL,-0.02875426178678897,0.017010326191238646,-0.02875426178678897,0.1384640778980109
2024-07-25 00:00:00-04:00,218.4365585703147,220.35224458682225,214.13627507494223,216.99981689453125,51391200,0.0,0.0,AAPL,-0.004804563092807079,0.016554680696029184,-0.004804563092807079,0.06737828527159706
2024-07-26 00:00:00-04:00,218.2070723817432,218.99530033853077,215.5231328955533,217.46875,41601300,0.0,0.0,AAPL,0.0021609838762981504,0.01654305080050371,0.0021609838762981504,0.061909691729732895
2024-07-29 00:00:00-04:00,216.47100932714253,218.80573164190093,215.26372979848315,217.7481231689453,36311800,0.0,0.0,AAPL,0.0012846589174091427,0.016036016541541905,0.0012846589174091427,0.11855304891733283
2024-07-30 00:00:00-04:00,218.6959746261333,219.8334045947242,215.63288672795755,218.30685424804688,41643800,0.0,0.0,AAPL,0.002565951297169411,0.01470968162528378,0.002565951297169411,0.03903455570329513
2024-07-31 00:00:00-04:00,220.94091084366264,223.3155515626994,220.13273889458492,221.5794677734375,50036300,0.0,0.0,AAPL,0.014990887650610185,0.014642166761293023,0.014990887650610185,0.0349493436402657
2024-08-01 00:00:00-04:00,223.86429233538576,223.9740450176905,216.53086747941563,217.8678436279297,62501000,0.0,0.0,AAPL,-0.016750758465143067,0.015075122508097442,-0.016750758465143067,-0.04088565533818048
2024-08-02 00:00:00-04:00,218.65606496292435,225.09153987705304,217.2193232804361,219.36447143554688,105568600,0.0,0.0,AAPL,0.006869429571135344,0.014269241832000651,0.006869429571135344,-0.09488252580942355
2024-08-05 00:00:00-04:00,198.64127617987643,213.0188017705649,195.55824424838744,208.79833984375,119548600,0.0,0.0,AAPL,-0.0481670141142313,0.017544151471589966,-0.0481670141142313,-0.23308044826502494
2024-08-06 00:00:00-04:00,204.83729660703725,209.51672869129231,200.6168344706096,206.762939453125,69660500,0.0,0.0,AAPL,-0.009748163669060506,0.01748561038184707,-0.009748163669060506,-0.2725297624959023
2024-08-07 00:00:00-04:00,206.43367474426563,213.15848935419996,205.9248296826355,209.34710693359372,63516400,0.0,0.0,AAPL,0.012498214076969827,0.017090675467023315,0.012498214076969827,-0.2972742742624612
2024-08-08 00:00:00-04:00,212.6296774525561,213.71721707569145,208.35932525259923,212.8292236328125,47161100,0.0,0.0,AAPL,0.01663322101854181,0.017187416829147678,0.01663322101854181,-0.17966140020527202
2024-08-09 00:00:00-04:00,211.62197118803232,216.29141600978787,211.4922593126285,215.7526397705078,42201600,0.0,0.0,AAPL,0.013735971441304562,0.017221924075874452,0.013735971441304562,-0.1773123093782687
2024-08-12 00:00:00-04:00,215.83255236617865,219.26875909808803,215.36306766380915,217.2909393310547,38028100,0.25,0.0,AAPL,0.007129922313734438,0.016768490356511546,0.007129922313734438,-0.21077202195447917
2024-08-13 00:00:00-04:00,218.76929897291208,221.646138683676,218.76929897291208,221.02682495117188,44155300,0.0,0.0,AAPL,0.017193011506224654,0.017368844145769703,0.017193011506224654,-0.1591509600132966
2024-08-14 00:00:00-04:00,220.3276035510778,222.7848915052682,219.45854930599305,221.4763336181641,41960600,0.0,0.0,AAPL,0.0020337290149805565,0.016559076146331942,0.0020337290149805565,-0.08441199303271099
2024-08-15 00:00:00-04:00,224.35317447515425,225.10235023777116,222.5151850202656,224.47303771972656,46414000,0.0,0.0,AAPL,0.01353058384436201,0.01623587026918345,0.01353058384436201,0.01881535022622715
2024-08-16 00:00:00-04:00,223.67391069385005,226.5807162697698,223.4042031553576,225.80157470703125,44340200,0.0,0.0,AAPL,0.005918470212727733,0.016284431510997226,0.005918470212727733,0.0351510071040855
2024-08-19 00:00:00-04:00,225.4719428035102,225.74165035068276,222.79488010428776,225.64175415039065,40687800,0.0,0.0,AAPL,-0.0007077920375354596,0.01627967039208422,-0.0007077920375354596,0.037779544033974356
2024-08-20 00:00:00-04:00,225.52188562847152,226.92034094772856,225.20222998863,226.2610626220703,30299000,0.0,0.0,AAPL,0.002744653683497189,0.016259864535473654,0.002744653683497189,0.031848774744718145
2024-08-21 00:00:00-04:00,226.2710625686077,227.7294495174454,224.8026768547104,226.15118408203125,34765500,0.0,0.0,AAPL,-0.000485627260677135,0.014738911925889017,-0.000485627260677135,0.13103331500904078
2024-08-22 00:00:00-04:00,227.53966079897057,228.08905941841812,223.65393636981636,224.2832489013672,43695300,0.0,0.0,AAPL,-0.00825967455464005,0.014841907438574558,-0.00825967455464005,0.11848429344151518
2024-08-23 00:00:00-04:00,225.41200238324527,227.96918649391685,224.0834622297127,226.5906982421875,38677300,0.0,0.0,AAPL,0.010288103780033309,0.01496425780307113,0.010288103780033309,0.14467065055016162
2024-08-26 00:00:00-04:00,226.5107917661563,227.03022456881217,223.64395069142012,226.93032836914065,30602200,0.0,0.0,AAPL,0.00149887056083009,0.014963671273433688,0.00149887056083009,0.14539209354352844
2024-08-27 00:00:00-04:00,225.7516206650164,228.5984945445466,224.6428399715384,227.7793884277344,35934600,0.0,0.0,AAPL,0.003741501035562811,0.014967593553473492,0.003741501035562811,0.149280976429429
2024-08-28 00:00:00-04:00,227.6695099550691,229.6073802985885,225.4319662685897,226.2410888671875,38052200,0.0,0.0,AAPL,-0.0067534625110952096,0.014780784351576317,-0.0067534625110952096,0.07761154246552146
2024-08-29 00:00:00-04:00,229.8471324488683,232.66402541964027,228.628471976358,229.53746032714844,51906300,0.0,0.0,AAPL,0.014570171477100935,0.01443998813067513,0.014570171477100935,0.1878953046868901
2024-08-30 00:00:00-04:00,229.93703146120657,230.1467921428208,227.2300029525068,228.7483367919922,52990800,0.0,0.0,AAPL,-0.0034378856245579348,0.014467752858850979,-0.0034378856245579348,0.15191303246233137
2024-09-03 00:00:00-04:00,228.29882348382424,228.748325879288,220.92692932694945,222.52517700195312,50190600,0.0,0.0,AAPL,-0.027205267925938914,0.010961550168208791,-0.027205267925938914,0.29611938724982795
2024-09-04 00:00:00-04:00,221.4164072047842,221.53627045160735,217.24099295020864,220.6072998046875,43840200,0.0,0.0,AAPL,-0.008618697547418619,0.01089378189898352,-0.008618697547418619,0.3031454875655691
2024-09-05 00:00:00-04:00,221.38642912323468,225.23218875186365,221.2765494057299,222.13560485839844,36615400,0.0,0.0,AAPL,0.006927717510091469,0.010716056853580073,0.006927717510091469,0.2821817799376625
2024-09-06 00:00:00-04:00,223.7038813850335,224.99247224215048,219.5284824188554,220.57733154296875,48423000,0.0,0.0,AAPL,-0.0070149641991117395,0.010436388321260074,-0.0070149641991117395,0.17644674376694702
2024-09-09 00:00:00-04:00,220.57732363843863,221.0268260349447,216.47183996524672,220.66722106933597,67180000,0.0,0.0,AAPL,0.00040751933001659246,0.010055478747126412,0.00040751933001659246,0.11685610998333942
2024-09-10 00:00:00-04:00,218.67940838073807,221.2365925404848,216.49181271910507,219.86810302734372,51591000,0.0,0.0,AAPL,-0.0036213717566196957,0.010007644233069381,-0.0036213717566196957,0.06369924949821205
2024-09-11 00:00:00-04:00,221.2166203203216,222.84481857216005,217.6505364639129,222.4152984619141,44587100,0.0,0.0,AAPL,0.011585106704875558,0.009589189059595991,0.011585106704875558,0.037238204878945136
2024-09-12 00:00:00-04:00,222.25546946786716,223.30431855196207,219.57842214055836,222.52517700195312,37498200,0.0,0.0,AAPL,0.0004940242006681306,0.00958119723794222,0.0004940242006681306,0.02923423233574003
2024-09-13 00:00:00-04:00,223.33429284055268,223.7937787761964,221.6661299590252,222.25547790527344,36766600,0.0,0.0,AAPL,-0.0012119936283763177,0.009061112051014274,-0.0012119936283763177,-0.05043861337938143
2024-09-16 00:00:00-04:00,216.302019591785,216.98128020943747,213.6849038037586,216.082275390625,59357400,0.0,0.0,AAPL,-0.0277752547331116,0.010782164439171536,-0.0277752547331116,-0.19863508731507448
2024-09-17 00:00:00-04:00,215.51289221314667,216.6616222741377,214.2642659546696,216.5517425537109,45519300,0.0,0.0,AAPL,0.002172631523049473,0.010821491641284892,0.002172631523049473,-0.184604402333012
2024-09-18 00:00:00-04:00,217.31091546092293,222.4652482757468,217.3009166960367,220.4474639892578,59894900,0.0,0.0,AAPL,0.017989794908164436,0.011676287510778417,0.017989794908164436,-0.10580742675420454
2024-09-19 00:00:00-04:00,224.7427436847832,229.56743739121876,224.38313871157,228.61846923828125,66781300,0.0,0.0,AAPL,0.037065544330424194,0.014484613638272421,0.037065544330424194,0.04433122346464822
2024-09-20 00:00:00-04:00,229.7172625160979,232.83382873595048,227.36983908638868,227.9492034912109,318679900,0.0,0.0,AAPL,-0.0029274351687342826,0.014360682333973758,-0.0029274351687342826,0.06327920861690546
2024-09-23 00:00:00-04:00,227.0901541218493,229.19783588273827,225.56183678133013,226.2211151123047,54146000,0.0,0.0,AAPL,-0.007581023984463475,0.014302176540471171,-0.007581023984463475,0.0010681049156796294
2024-09-24 00:00:00-04:00,228.39870925768025,229.09795215651428,225.48192014495527,227.1201171875,43556100,0.0,0.0,AAPL,0.003973997187437739,0.014326377822991938,0.003973997187437739,0.00970465515540493
2024-09-25 00:00:00-04:00,224.6827959331431,227.04020291666632,223.77380760174057,226.1212158203125,42308700,0.0,0.0,AAPL,-0.0043981192840035765,0.014334265582030208,-0.0043981192840035765,-0.018692862780221448
2024-09-26 00:00:00-04:00,227.0501990579812,228.24887720276465,225.16227678839184,227.26995849609372,36636700,0.0,0.0,AAPL,0.005080207408286963,0.014296652750011652,0.005080207408286963,0.022644114118859256
2024-09-27 00:00:00-04:00,228.20893469195548,229.26776733886916,227.05020584581527,227.53965759277344,34026000,0.0,0.0,AAPL,0.0011866904823865099,0.01390251620523504,0.0011866904823865099,-0.02484722968470112
2024-09-30 00:00:00-04:00,229.78718847660608,232.7439422607422,229.39761768078608,232.7439422607422,54541900,0.0,0.0,AAPL,0.022871989538117532,0.014809659838029997,0.022871989538117532,0.06550148723173219
2024-10-01 00:00:00-04:00,229.2677705196639,229.3976172900359,223.49412373913023,225.9614105224609,63285000,0.0,0.0,AAPL,-0.029141603740143074,0.015008541717336,-0.029141603740143074,0.05818273157532388
2024-10-02 00:00:00-04:00,225.6417556602632,227.1201249339536,222.77491454853467,226.53077697753903,32880600,0.0,0.0,AAPL,0.002519750844897084,0.014843536744542281,0.002519750844897084,0.09634903044373451
2024-10-03 00:00:00-04:00,224.8925655126969,226.56072831643584,223.0745736591087,225.42198181152344,34044200,0.0,0.0,AAPL,-0.004894677804091696,0.014848485782455548,-0.004894677804091696,0.0565068129017451
2024-10-04 00:00:00-04:00,227.6495326914976,227.7494288886953,223.88368688105717,226.55075073242188,37245100,0.0,0.0,AAPL,0.00500735958324694,0.014756864145412715,0.00500735958324694,0.09759233282289556
2024-10-07 00:00:00-04:00,224.25327473060864,225.4419693605541,221.08676038639476,221.4463653564453,39505400,0.0,0.0,AAPL,-0.022530869394493114,0.015702448721864715,-0.022530869394493114,0.018674626236325237
2024-10-08 00:00:00-04:00,224.05349542674807,225.7316417761856,223.0046463373399,225.5218811035156,31855700,0.0,0.0,AAPL,0.01840407604121319,0.01617859748820335,0.01840407604121319,0.0861947243439575
2024-10-09 00:00:00-04:00,224.9824739985636,229.49751090746847,224.58291968465133,229.2877349853516,33591100,0.0,0.0,AAPL,0.016698396906805968,0.01638716880269104,0.016698396906805968,0.10069916778992756
2024-10-10 00:00:00-04:00,227.5296744960524,229.2477854802332,226.9203442604764,228.7882843017578,28183500,0.0,0.0,AAPL,-0.00217827038862628,0.016407972987390582,-0.00217827038862628,0.09242820746747918
2024-10-11 00:00:00-04:00,229.04800351672907,229.15788323697032,227.09015084025384,227.2999267578125,31759200,0.0,0.0,AAPL,-0.006505392304014368,0.016496755149790827,-0.006505392304014368,0.07588702058376018
2024-10-14 00:00:00-04:00,228.44865815944692,231.47532700331135,228.34877720356224,231.0458068847656,39882100,0.0,0.0,AAPL,0.016479900281465287,0.015324742537706883,0.016479900281465287,0.22608192860802898
2024-10-15 00:00:00-04:00,233.3532605949055,237.2290013087572,232.1146178817108,233.59300231933597,64751400,0.0,0.0,AAPL,0.011024633897990466,0.015413038119736808,0.011024633897990466,0.25350274467238143
2024-10-16 00:00:00-04:00,231.34547369396785,231.86489123072647,229.5873982094942,231.5252685546875,34082200,0.0,0.0,AAPL,-0.008851865184821506,0.015290392950331855,-0.008851865184821506,0.16776314845383694
2024-10-17 00:00:00-04:00,233.17345903647427,233.59301088010824,230.26666863657624,231.89486694335935,32993800,0.0,0.0,AAPL,0.001596363070774487,0.012957187477217908,0.001596363070774487,0.06110163959991803
2024-10-18 00:00:00-04:00,235.9204255737285,235.9204255737285,233.75281228137575,234.74172973632807,46431500,0.0,0.0,AAPL,0.01227652354057529,0.01317173301594308,0.01227652354057529,0.11782074029655724
2024-10-21 00:00:00-04:00,234.19234018879644,236.5897117727769,234.19234018879644,236.22010803222656,36254500,0.0,0.0,AAPL,0.006297892997376708,0.013030085231873326,0.006297892997376708,0.17235874854643168
2024-10-22 00:00:00-04:00,233.6329632952546,235.9604045441033,232.3443876620224,235.60079956054688,38846600,0.0,0.0,AAPL,-0.002621743241245089,0.013067458724380605,-0.002621743241245089,0.14662852227036266
2024-10-23 00:00:00-04:00,233.822752128634,234.88158476901867,227.50969037853835,230.5063934326172,52287000,0.0,0.0,AAPL,-0.021623042610347643,0.014037162593302026,-0.021623042610347643,0.07514453075944272
2024-10-24 00:00:00-04:00,229.7272566761152,230.56634513279107,228.15898997077213,230.31661987304688,31109500,0.0,0.0,AAPL,-0.0008232897870825706,0.014010104776462827,-0.0008232897870825706,0.05422094613991852
2024-10-25 00:00:00-04:00,229.4875225740561,232.96369380669327,229.3177112321018,231.1556854248047,38802300,0.0,0.0,AAPL,0.003643095979006361,0.014024804952933304,0.003643095979006361,0.06292147479353222
2024-10-28 00:00:00-04:00,233.0635949831452,234.472033847566,232.2944369244333,233.14349365234372,36087100,0.0,0.0,AAPL,0.00859943472247271,0.013184989400204235,0.00859943472247271,0.012804990995695634
2024-10-29 00:00:00-04:00,232.84382710997653,234.07247106119948,232.06468555632105,233.41319274902344,35417200,0.0,0.0,AAPL,0.0011567944378576556,0.011236710613573089,0.0011567944378576556,0.14984399237034263
2024-10-30 00:00:00-04:00,232.3543581715744,233.21341362628857,229.29772360355057,229.8471221923828,47070900,0.0,0.0,AAPL,-0.015277930585847477,0.011854760553710545,-0.015277930585847477,0.06696630474432354
2024-10-31 00:00:00-04:00,229.08795100904052,229.57741798472995,225.1223128313268,225.66172790527344,64370100,0.0,0.0,AAPL,-0.01820947004768758,0.012544813914942977,-0.01820947004768758,0.010213774122097386
2024-11-01 00:00:00-04:00,220.72715344034327,225.10234466312104,220.02792579428785,222.6650238037109,65276700,0.0,0.0,AAPL,-0.013279629334489784,0.012833580937890932,-0.013279629334489784,-0.06126267905745344
2024-11-04 00:00:00-05:00,220.74713841963052,222.5451480336916,219.46854635353304,221.76600646972656,44944500,0.0,0.0,AAPL,-0.004037532786365539,0.011809800256924428,-0.004037532786365539,0.01172308398436618
2024-11-05 00:00:00-05:00,221.5562414690178,223.70387248945224,220.896963160989,223.2044219970703,28111300,0.0,0.0,AAPL,0.006486185823705526,0.011120192740855005,0.006486185823705526,-0.04113662787014759
2024-11-06 00:00:00-05:00,222.3653552641664,225.8215594779752,220.9469176537884,222.4752349853516,54561100,0.0,0.0,AAPL,-0.0032669021751203786,0.010369881580624461,-0.0032669021751203786,-0.14037886290245613
2024-11-07 00:00:00-05:00,224.38313701629485,227.629565273657,224.32320539488208,227.22999572753903,42137700,0.0,0.0,AAPL,0.021372089987905962,0.011553103761392795,0.021372089987905962,-0.02407960420335013
2024-11-08 00:00:00-05:00,227.1699981689453,228.66000366210935,226.41000366210935,226.9600067138672,38328800,0.25,0.0,AAPL,-0.0011881750594036067,0.011463090316596425,-0.0011881750594036067,-0.0010759143759148206
2024-11-11 00:00:00-05:00,225.0,225.6999969482422,221.5,224.22999572753903,42005600,0.0,0.0,AAPL,-0.0120285993371948,0.011070126956337679,-0.0120285993371948,-0.12987730766483394
2024-11-12 00:00:00-05:00,224.5500030517578,225.58999633789065,223.3600006103516,224.22999572753903,40398300,0.0,0.0,AAPL,0.0,0.010684679903345925,0.0,-0.1861534456332855
2024-11-13 00:00:00-05:00,224.00999450683597,226.6499938964844,222.75999450683597,225.1199951171875,48566200,0.0,0.0,AAPL,0.003969136184303723,0.010635755523597261,0.003969136184303723,-0.1267366392589285
2024-11-14 00:00:00-05:00,225.0200042724609,228.8699951171875,225.0,228.22000122070312,44923900,0.0,0.0,AAPL,0.013770460957508002,0.01114911681043668,0.013770460957508002,-0.06630435659366571
2024-11-15 00:00:00-05:00,226.3999938964844,226.9199981689453,224.2700042724609,225.0,47923700,0.0,0.0,AAPL,-0.014109198157391867,0.011088849153632546,-0.014109198157391867,-0.18563884070220604
2024-11-18 00:00:00-05:00,225.25,229.7400054931641,225.1699981689453,228.0200042724609,44686000,0.0,0.0,AAPL,0.013422241210937269,0.011478986439299123,0.013422241210937269,-0.14829738670097206
2024-11-19 00:00:00-05:00,226.97999572753903,230.16000366210935,226.66000366210935,228.27999877929688,36211800,0.0,0.0,AAPL,0.0011402267431119828,0.011493939943502987,0.0011402267431119828,-0.13173943827347173
2024-11-20 00:00:00-05:00,228.05999755859372,229.92999267578125,225.88999938964844,229.0,35169600,0.0,0.0,AAPL,0.0031540267415159917,0.01050522261554714,0.0031540267415159917,-0.026210936615985267
2024-11-21 00:00:00-05:00,228.8800048828125,230.16000366210935,225.7100067138672,228.5200042724609,42108300,0.0,0.0,AAPL,-0.002096051211961103,0.010512569059198227,-0.002096051211961103,-0.03224614206555346
2024-11-22 00:00:00-05:00,228.05999755859372,230.72000122070312,228.05999755859372,229.8699951171875,38168300,0.0,0.0,AAPL,0.005907539031537068,0.010569752739272345,0.005907539031537068,-0.021359784689329916
2024-11-25 00:00:00-05:00,231.4600067138672,233.25,229.7400054931641,232.8699951171875,90152800,0.0,0.0,AAPL,0.013050855108212911,0.010809517113050495,0.013050855108212911,-0.00029572305680916687
2024-11-26 00:00:00-05:00,233.3300018310547,235.57000732421875,233.3300018310547,235.05999755859372,45986200,0.0,0.0,AAPL,0.009404399395912533,0.011011533853558405,0.009404399395912533,0.037159548333696744
2024-11-27 00:00:00-05:00,234.47000122070312,235.69000244140625,233.80999755859372,234.92999267578125,33498400,0.0,0.0,AAPL,-0.000553071063399746,0.01038172226304352,-0.000553071063399746,0.11033107721050064
2024-11-29 00:00:00-05:00,234.80999755859372,237.80999755859372,233.97000122070312,237.3300018310547,28481400,0.0,0.0,AAPL,0.01021584825308186,0.009500923984031195,0.01021584825308186,0.2701518841677192
2024-12-02 00:00:00-05:00,237.2700042724609,240.7899932861328,237.16000366210935,239.58999633789065,48137100,0.0,0.0,AAPL,0.009522582435425697,0.008844757649756556,0.009522582435425697,0.41909606242496655
2024-12-03 00:00:00-05:00,239.80999755859372,242.75999450683597,238.8999938964844,242.6499938964844,38861000,0.0,0.0,AAPL,0.01277180852859261,0.008868741401730678,0.01277180852859261,0.5127300440823104
2024-12-04 00:00:00-05:00,242.8699951171875,244.1100006103516,241.25,243.00999450683597,44383900,0.0,0.0,AAPL,0.0014836209330593153,0.008881714441314009,0.0014836209330593153,0.4838189691556813
2024-12-05 00:00:00-05:00,243.9900054931641,244.5399932861328,242.1300048828125,243.0399932861328,40033900,0.0,0.0,AAPL,0.00012344668933361724,0.008761285721622275,0.00012344668933361724,0.5098177950675608
2024-12-06 00:00:00-05:00,242.91000366210935,244.6300048828125,242.0800018310547,242.83999633789065,36870600,0.0,0.0,AAPL,-0.0008228972752097885,0.007867312035128677,-0.0008228972752097885,0.4266908431252629
2024-12-09 00:00:00-05:00,241.8300018310547,247.2400054931641,241.75,246.75,44649200,0.0,0.0,AAPL,0.016101151873964437,0.008280634465175851,0.016101151873964437,0.5097889986353042
2024-12-10 00:00:00-05:00,246.88999938964844,248.2100067138672,245.33999633789065,247.7700042724609,36914800,0.0,0.0,AAPL,0.004133755916761572,0.007347373740763053,0.004133755916761572,0.6845295056737473
2024-12-11 00:00:00-05:00,247.9600067138672,250.8000030517578,246.25999450683597,246.4900054931641,45205800,0.0,0.0,AAPL,-0.005166076430661359,0.00761927454501712,-0.005166076430661359,0.6262000752226492
2024-12-12 00:00:00-05:00,246.88999938964844,248.7400054931641,245.67999267578125,247.9600067138672,32777500,0.0,0.0,AAPL,0.005963735599591624,0.0076212773464104395,0.005963735599591624,0.6391212447202562
2024-12-13 00:00:00-05:00,247.82000732421875,249.2899932861328,246.2400054931641,248.1300048828125,33155300,0.0,0.0,AAPL,0.0006855870476785153,0.007374736365463126,0.0006855870476785153,0.5717731942597862
2024-12-16 00:00:00-05:00,247.9900054931641,251.3800048828125,247.6499938964844,251.0399932861328,51694800,0.0,0.0,AAPL,0.011727676403724852,0.006158213268057384,0.011727676403724852,0.8944997610156107
2024-12-17 00:00:00-05:00,250.0800018310547,253.8300018310547,249.77999877929688,253.47999572753903,51356400,0.0,0.0,AAPL,0.009719576588042456,0.005960257644363096,0.009719576588042456,0.8931471394446072
2024-12-18 00:00:00-05:00,252.16000366210935,254.27999877929688,247.7400054931641,248.0500030517578,56774100,0.0,0.0,AAPL,-0.021421779893107673,0.008420906535588238,-0.021421779893107673,0.4981989428186558
2024-12-19 00:00:00-05:00,247.5,252.0,247.08999633789065,249.7899932861328,60882300,0.0,0.0,AAPL,0.007014675319362729,0.008440008636798517,0.007014675319362729,0.5199424966657016
2024-12-20 00:00:00-05:00,248.0399932861328,255.0,245.69000244140625,254.4900054931641,147495300,0.0,0.0,AAPL,0.018815854651340835,0.008878366672875056,0.018815854651340835,0.6120398780401524
2024-12-23 00:00:00-05:00,254.7700042724609,255.6499938964844,253.4499969482422,255.2700042724609,40858800,0.0,0.0,AAPL,0.0030649485734628445,0.008893126156487637,0.0030649485734628445,0.595042152741539
2024-12-24 00:00:00-05:00,255.4900054931641,258.2099914550781,255.2899932861328,258.20001220703125,23234700,0.0,0.0,AAPL,0.011478073747525075,0.008827616597690336,0.011478073747525075,0.5905496468988097
2024-12-26 00:00:00-05:00,258.19000244140625,260.1000061035156,257.6300048828125,259.0199890136719,27237100,0.0,0.0,AAPL,0.003175742710589624,0.008781721682188992,0.003175742710589624,0.5581722135876345
2024-12-27 00:00:00-05:00,257.8299865722656,258.70001220703125,253.05999755859372,255.58999633789065,42355300,0.0,0.0,AAPL,-0.013242192962953814,0.00961536610908539,-0.013242192962953814,0.44379557544337234
2024-12-30 00:00:00-05:00,252.22999572753903,253.5,250.75,252.1999969482422,35557500,0.0,0.0,AAPL,-0.013263427513676596,0.010262413232888411,-0.013263427513676596,0.3014196638690318
2024-12-31 00:00:00-05:00,252.44000244140625,253.27999877929688,249.42999267578125,250.4199981689453,39480700,0.0,0.0,AAPL,-0.007057885808230857,0.010384681174847303,-0.007057885808230857,0.21803940793519788
2025-01-02 00:00:00-05:00,248.92999267578125,249.1000061035156,241.82000732421875,243.8500061035156,55740700,0.0,0.0,AAPL,-0.02623589215505573,0.01186494456168974,-0.02623589215505573,0.026454797082708176
2025-01-03 00:00:00-05:00,243.3600006103516,244.17999267578125,241.88999938964844,243.3600006103516,40244100,0.0,0.0,AAPL,-0.0020094545044054835,0.011872526496952803,-0.0020094545044054835,0.01172715250958412
2025-01-06 00:00:00-05:00,244.30999755859372,247.3300018310547,243.1999969482422,245.0,45045600,0.0,0.0,AAPL,0.006738984983297502,0.011963868983618096,0.006738984983297502,0.03928560603978624
2025-01-07 00:00:00-05:00,242.97999572753903,245.5500030517578,241.3500061035156,242.2100067138672,40856000,0.0,0.0,AAPL,-0.011387727698501271,0.012253683799561252,-0.011387727698501271,-0.004752340481041376
2025-01-08 00:00:00-05:00,241.9199981689453,243.7100067138672,240.0500030517578,242.6999969482422,37628900,0.0,0.0,AAPL,0.0020229974847978394,0.011666864068650487,0.0020229974847978394,-0.06532530014374488
2025-01-10 00:00:00-05:00,240.00999450683597,240.16000366210935,233.0,236.8500061035156,61710900,0.0,0.0,AAPL,-0.02410379447171629,0.012705559541286254,-0.02410379447171629,-0.17110768788894054
2025-01-13 00:00:00-05:00,233.52999877929688,234.6699981689453,229.72000122070312,234.3999938964844,49630700,0.0,0.0,AAPL,-0.010344150913639494,0.012821962342222108,-0.010344150913639494,-0.1897465127145295
2025-01-14 00:00:00-05:00,234.75,236.1199951171875,232.47000122070312,233.27999877929688,39435300,0.0,0.0,AAPL,-0.004778136289893209,0.012675875168946882,-0.004778136289893209,-0.23430462950154293
2025-01-15 00:00:00-05:00,234.63999938964844,238.9600067138672,234.42999267578125,237.8699951171875,39832000,0.0,0.0,AAPL,0.019675910330543056,0.013638801750135706,0.019675910330543056,-0.14814351787938965
2025-01-16 00:00:00-05:00,237.3500061035156,238.00999450683597,228.02999877929688,228.25999450683597,71759100,0.0,0.0,AAPL,-0.040400222002010544,0.015698551994791084,-0.040400222002010544,-0.2947338705344731
2025-01-17 00:00:00-05:00,232.1199951171875,232.2899932861328,228.47999572753903,229.97999572753903,68247100,0.0,0.0,AAPL,0.007535272330218001,0.015600783832965764,0.007535272330218001,-0.3035815542867067
