Date,Open,High,Low,Close,Volume,Dividends,Stock Splits,Daily Return,20-Day MA,50-Day MA,Volatility,ROI,Sharpe Ratio
2024-01-16 00:00:00-05:00,181.27193705900044,183.361690026594,180.04792262326768,182.7347717285156,65603000,0.0,0.0,0.0,182.7347717285156,182.7347717285156,0.0,0.0,0.0
2024-01-17 00:00:00-05:00,180.38628371133652,182.03817940296344,179.42101140332082,181.78939819335935,47317400,0.0,0.0,-0.005173473697500541,182.26208496093747,182.26208496093747,0.0,-0.005173473697500541,0.0
2024-01-18 00:00:00-05:00,185.18279289864887,188.217926944481,184.92406588558168,187.71041870117188,78005800,0.0,0.0,0.032570769069352856,184.07819620768228,184.07819620768228,0.026689210011193336,0.032570769069352856,0.5132653862808605
2024-01-19 00:00:00-05:00,188.4069897270921,191.01421197583772,187.89948151982944,190.6261138916016,68741000,0.0,0.0,0.015532942766865787,185.7151756286621,185.7151756286621,0.018901812390847015,0.015532942766865787,0.7570744584525764
2024-01-22 00:00:00-05:00,191.3625031283665,194.37773007418247,191.3226896328841,192.9447479248047,60133900,0.0,0.0,0.012163255001471418,187.1610900878906,187.1610900878906,0.015470549058349147,0.012163255001471418,0.8902963452104607
2024-01-23 00:00:00-05:00,194.0692614054701,194.79569832767797,192.88506035011693,194.2284698486328,42355600,0.0,0.0,0.006653313643595116,188.338986714681,188.338986714681,0.013771073523319024,0.006653313643595116,0.896760977700492
2024-01-24 00:00:00-05:00,194.4672860626603,195.42261254918645,193.3925494594681,193.55177307128903,53631300,0.0,0.0,-0.0034840246533948127,189.08367047991072,189.08367047991072,0.01391030762464073,-0.0034840246533948127,0.6980768470711015
2024-01-25 00:00:00-05:00,194.26827279243787,195.3131569130008,192.1685587692801,193.223388671875,54822100,0.0,0.0,-0.0016966230492401202,189.60113525390625,189.60113525390625,0.01341029526721636,-0.0016966230492401202,0.6025877661687802
2024-01-26 00:00:00-05:00,193.32290534776368,193.8105067973861,191.00426266727368,191.4819183349609,44594000,0.0,0.0,-0.009012730544082248,189.8101111518012,189.8101111518012,0.013808298189601168,-0.009012730544082248,0.4304787226864718
2024-01-29 00:00:00-05:00,191.07392183626405,191.2629979920715,188.65577567784425,190.7952880859375,47145600,0.0,0.0,-0.0035858751311561576,189.90862884521485,189.90862884521485,0.013301382874115043,-0.0035858751311561576,0.3672763770506039
2024-01-30 00:00:00-05:00,190.0091315254044,190.86493945980703,186.55604725857967,187.12326049804688,55859400,0.0,0.0,-0.01924590289796191,189.65541354092684,189.65541354092684,0.014679907059139076,-0.01924590289796191,0.16840468000482847
2024-01-31 00:00:00-05:00,186.1281514224312,186.18787167030365,183.4512782422412,183.5010223388672,55467800,0.0,0.0,-0.019357498097984926,189.14254760742188,189.14254760742188,0.01540360329365802,-0.019357498097984926,0.03165819125505875
2024-02-01 00:00:00-05:00,183.09304712297663,186.03860850559408,182.9238777016589,185.9490509033203,64885400,0.0,0.0,0.013340680794314164,188.89689401479868,188.89689401479868,0.015148188129491043,0.013340680794314164,0.10289917758031722
2024-02-02 00:00:00-05:00,178.9831513103476,186.41673495449572,178.3761245608121,184.94395446777344,102518000,0.0,0.0,-0.00540522487565398,188.61454119001115,188.61454119001115,0.014631330176272422,-0.00540522487565398,0.06992165320475507
2024-02-05 00:00:00-05:00,187.23273981487077,188.3273832549743,184.9340037750539,186.76502990722656,69668800,0.0,0.0,0.009846634050265424,188.49124043782552,188.49124043782552,0.014253756438550378,0.009846634050265424,0.11599068878377153
2024-02-06 00:00:00-05:00,185.9490442408217,188.38709727213129,185.8594866417568,188.3771514892578,43490800,0.0,0.0,0.008631817117112695,188.48410987854004,188.48410987854004,0.013852945687010619,0.008631817117112695,0.15293045591884402
2024-02-07 00:00:00-05:00,189.7106174633929,190.1186223319937,187.6905150551716,188.4866180419922,53439000,0.0,0.0,0.0005811031320357429,188.48425741756662,188.48425741756662,0.013388735143726809,0.0005811031320357429,0.15105591697360668
2024-02-08 00:00:00-05:00,188.46670752859183,188.6159701924648,186.4366593779137,187.4019317626953,40962000,0.0,0.0,-0.00575471240645431,188.42412821451822,188.42412821451822,0.013100094834525247,-0.00575471240645431,0.11946231533902503
2024-02-09 00:00:00-05:00,187.96985257532492,189.30503301755343,187.3222021069975,188.1691436767578,45155200,0.24,0.0,0.0040939381299121,188.41070797568872,188.41070797568872,0.012722930041307376,0.0040939381299121,0.13404663972767727
2024-02-12 00:00:00-05:00,187.7406910525987,187.9897897322466,186.1165627960856,186.4752655029297,41781900,0.0,0.0,-0.009001891281058882,188.31393585205078,188.31393585205078,0.012606113048852327,-0.009001891281058882,0.09058469442712447
2024-02-13 00:00:00-05:00,185.1002428282,185.53865891732192,182.84838113476025,184.37286376953125,56529500,0.0,0.0,-0.011274426813273064,188.39584045410157,188.12626575288317,0.01258008233087727,-0.011274426813273064,0.04142290162753478
2024-02-14 00:00:00-05:00,184.6518638454696,184.8610982078661,181.78224238811129,183.48606872558597,54630500,0.0,0.0,-0.004809791559422738,188.48067398071288,187.91534770618784,0.012571677811680743,-0.004809791559422738,0.042897028371267874
2024-02-15 00:00:00-05:00,182.88824837462903,183.82486181575325,180.69618309757163,183.19712829589844,65434500,0.0,0.0,-0.0015747267991209624,188.25500946044923,187.71020773182744,0.010060480488985718,-0.0015747267991209624,-0.11609655969615999
2024-02-16 00:00:00-05:00,182.75869330174024,184.18354546694675,181.0150027746939,181.65269470214844,49701400,0.0,0.0,-0.008430446525643398,187.80633850097655,187.45781135559082,0.009370059089173769,-0.008430446525643398,-0.2525231288051231
2024-02-20 00:00:00-05:00,181.134577279735,181.77226924950585,179.3510375405212,180.9054107666016,53665600,0.0,0.0,-0.0041138059458580845,187.2043716430664,187.19571533203126,0.008726443416144017,-0.0041138059458580845,-0.36441073802993607
2024-02-21 00:00:00-05:00,181.28405435734408,182.23062628266825,180.00867035619171,181.6626892089844,41529700,0.0,0.0,0.004186046393934717,186.576082611084,186.982906634991,0.008596589419476752,0.004186046393934717,-0.3842655368246729
2024-02-22 00:00:00-05:00,182.81847067506192,184.29314557915657,181.8021591646684,183.70526123046875,52292200,0.0,0.0,0.011243761888466652,186.08375701904296,186.86151236074943,0.009190575144748931,0.011243761888466652,-0.2793061022421562
2024-02-23 00:00:00-05:00,184.34298212256263,184.3728727479333,181.5730060105222,181.86196899414065,45119700,0.0,0.0,-0.010033965407313938,185.51568603515625,186.6829572405134,0.009336937067533527,-0.010033965407313938,-0.31957491170446306
2024-02-26 00:00:00-05:00,181.5829745492965,182.10108884357552,179.99869543060538,180.50686645507807,40867400,0.0,0.0,-0.007451269479581191,184.9669334411621,186.46998859273975,0.009290283585942576,-0.007451269479581191,-0.31277600504240016
2024-02-27 00:00:00-05:00,180.4470750372319,183.25690001064535,178.9126187804792,181.9715576171875,54318900,0.0,0.0,0.008114323797615342,184.5257469177246,186.32004089355468,0.009608147274158903,0.008114323797615342,-0.24154165970428335
2024-02-28 00:00:00-05:00,181.8519814326113,182.45978277503792,179.48057251285755,180.7659149169922,48953900,0.0,0.0,-0.006625445844298472,184.20787963867187,186.14087553947203,0.008820191088623405,-0.006625445844298472,-0.19157691365438198
2024-02-29 00:00:00-05:00,180.6164570963822,181.91177314365308,178.88272498353265,180.09832763671875,136682600,0.0,0.0,-0.003693103761181926,184.03774490356446,185.952045917511,0.007805918570427365,-0.003693103761181926,-0.11613306769488556
2024-03-01 00:00:00-05:00,178.9026640457765,179.87912655443867,176.74048946042234,179.01226806640625,73488000,0.0,0.0,-0.006030370101510418,183.69090576171874,185.74174961899266,0.007116415250827291,-0.006030370101510418,-0.2634862846618534
2024-03-04 00:00:00-05:00,175.51490641269265,176.26220237846417,173.16341449891394,174.4687042236328,81510100,0.0,0.0,-0.025381298677741748,183.16714324951172,185.41018946030562,0.00883281042236301,-0.025381298677741748,-0.3253643367437953
2024-03-05 00:00:00-05:00,170.14434479927544,171.4197287337638,169.00845550750375,169.50665283203125,95132400,0.0,0.0,-0.02844092534350018,182.30422439575196,184.95580269949778,0.010002414481273291,-0.02844092534350018,-0.4787103637135587
2024-03-06 00:00:00-05:00,170.44327734278693,170.6226362972693,168.07185305827852,168.51026916503906,68587700,0.0,0.0,-0.005878139001302407,181.310880279541,184.4989823235406,0.009490937655367347,-0.005878139001302407,-0.5809496891117707
2024-03-07 00:00:00-05:00,168.5401544147667,170.1144598371159,167.8825454793763,168.3907012939453,71765100,0.0,0.0,-0.0007095583651145487,180.30608444213868,184.06362337679477,0.009451621324015813,-0.0007095583651145487,-0.5901940168665437
2024-03-08 00:00:00-05:00,168.39069767067738,173.0737495355564,168.33091642363513,170.1144561767578,76114600,0.0,0.0,0.010236639372405154,179.44171066284179,183.69654002942536,0.010090705672365547,0.010236639372405154,-0.47357666761269546
2024-03-11 00:00:00-04:00,172.31649942978052,173.75131021022753,171.42970876738983,172.12718200683594,60139500,0.0,0.0,0.011831597827210993,178.6396125793457,183.39988982371796,0.010585018082470971,0.011831597827210993,-0.41491093799711504
2024-03-12 00:00:00-04:00,172.52572483722955,173.40255698056936,170.39344092810595,172.60543823242188,59825400,0.0,0.0,0.0027785049404163153,177.9461212158203,183.13002853393556,0.0106425954742943,0.0027785049404163153,-0.35732072871001014
2024-03-13 00:00:00-04:00,172.14711771653415,172.56560166885345,170.14435462584885,170.51303100585938,52488700,0.0,0.0,-0.012122487263379056,177.2531295776367,182.8222968869093,0.010675569564209472,-0.012122487263379056,-0.360189025008778
2024-03-14 00:00:00-04:00,172.286609864896,173.68155635236576,171.4297098215142,172.37628173828125,72913500,0.0,0.0,0.010927321633018572,176.6976402282715,182.5735822405134,0.011169278284425958,0.010927321633018572,-0.2738196018795957
2024-03-15 00:00:00-04:00,170.5528808562992,171.99765014648438,169.6760486454164,171.99765014648438,121664700,0.0,0.0,-0.00219654112490808,176.13766632080078,182.32763033134992,0.01116579596953001,-0.00219654112490808,-0.27668945929551375
2024-03-18 00:00:00-04:00,174.9370098250161,177.0692936926196,172.89439782384204,173.0936737060547,75604200,0.0,0.0,0.006372317055709065,175.7097152709961,182.11776768077505,0.011283121844933509,0.006372317055709065,-0.2082154125988264
2024-03-19 00:00:00-04:00,173.7114580811964,175.97327843397125,172.40618338367324,175.4451904296875,55215200,0.0,0.0,0.01358522627248715,175.43670425415038,181.96948818630642,0.011818810821333193,0.01358522627248715,-0.12390148903857448
2024-03-20 00:00:00-04:00,175.08647190626633,178.0258331298828,174.45873840154812,178.0258331298828,53423100,0.0,0.0,0.014709110542585835,175.2548614501953,181.88375655464503,0.01230771897766263,0.014709110542585835,-0.07622980778961705
2024-03-21 00:00:00-04:00,176.41166541450514,176.85008146724155,170.2240483134294,170.75213623046875,106181300,0.0,0.0,-0.040857536075156964,174.60720520019532,181.64691356902426,0.014845774427206975,-0.040857536075156964,-0.23867262483009744
2024-03-22 00:00:00-04:00,171.14072980755137,172.42608734653942,169.44686204033275,171.6588592529297,71106600,0.0,0.0,0.00531017088557606,174.09704971313477,181.43882910410562,0.014889109083303329,0.00531017088557606,-0.18644991584121162
2024-03-25 00:00:00-04:00,169.9550500090239,171.32010587263267,168.83907761478048,170.23403930664062,54288300,0.0,0.0,-0.00830029951550404,173.5834083557129,181.21015992456552,0.014904343044610715,-0.00830029951550404,-0.1891076063461799
2024-03-26 00:00:00-04:00,169.38709229314748,170.80197088667242,168.96860836017046,169.09814453125,57388400,0.0,0.0,-0.00667254786420568,172.93973770141602,180.96791961669922,0.014698806130703217,-0.00667254786420568,-0.24205151008747292
2024-03-27 00:00:00-04:00,169.79561181348092,172.97411310204996,169.49669038501753,172.68515014648438,60273300,0.0,0.0,0.021212566377814213,172.53569946289062,180.7669271850586,0.01567844612194332,0.021212566377814213,-0.13814937988546125
2024-03-28 00:00:00-04:00,171.13077090878156,171.60903605513778,169.89523614327186,170.8617401123047,65672700,0.0,0.0,-0.010559159444995303,172.07387008666993,180.5483740234375,0.015788430426817126,-0.010559159444995303,-0.1589309592955283
2024-04-01 00:00:00-04:00,170.5728137058907,170.6325949561908,168.86897205345468,169.4169921875,46240500,0.0,0.0,-0.008455654986628813,171.5941062927246,180.18250549316406,0.015826166570028354,-0.008455654986628813,-0.16621426459281607
2024-04-02 00:00:00-04:00,168.4704023866532,168.7294595117456,167.62346088712874,168.23126220703125,49329500,0.0,0.0,-0.00699888461693654,171.28223419189453,179.73460845947267,0.01494458708123887,-0.00699888461693654,-0.11451731154679322
2024-04-03 00:00:00-04:00,168.18146051603773,170.0646459557495,167.9722261359459,169.03836059570312,47691700,0.0,0.0,0.004797552952308104,171.25881958007812,179.25648071289064,0.013603662481612894,0.004797552952308104,-0.0036379923419072417
2024-04-04 00:00:00-04:00,169.67605100414067,171.30017927084614,168.21136474609375,168.21136474609375,53704400,0.0,0.0,-0.004892356070509529,171.24387435913087,178.73613861083984,0.013583202939070844,-0.004892356070509529,-1.4788367018863375e-05
2024-04-05 00:00:00-04:00,168.97857114439864,169.77568993392828,168.3408791535302,168.96861267089844,42055200,0.0,0.0,0.004501764348370463,171.27276992797852,178.24447540283202,0.013618816797244651,0.004501764348370463,0.01911805307026179
2024-04-08 00:00:00-04:00,168.42059262733576,168.58997789957206,167.6334475147346,167.84268188476562,37425500,0.0,0.0,-0.006663549924066703,171.1591812133789,177.73686126708984,0.013490942350637022,-0.006663549924066703,-0.04333605372734329
2024-04-09 00:00:00-04:00,168.09176931793073,169.46679875844995,167.74304032326918,169.0582733154297,42451200,0.0,0.0,0.007242445229149963,171.0057357788086,177.28838836669922,0.013306413632467309,0.007242445229149963,-0.06118116082430812
2024-04-10 00:00:00-04:00,168.19140606177325,168.48035379673388,166.50749680982383,167.17507934570312,49709300,0.0,0.0,-0.011139318607690352,170.73421783447264,176.81598419189453,0.013471549394779268,-0.011139318607690352,-0.11208755322778692
2024-04-11 00:00:00-04:00,167.73307888899373,174.8274194382653,167.55373514215378,174.40892028808594,91070300,0.0,0.0,0.0432710483565788,170.92901229858398,176.56169738769532,0.01652345169270189,0.0432710483565788,0.07623611546649121
2024-04-12 00:00:00-04:00,173.63173034934167,177.71695459263955,173.58192277868224,175.91348266601562,101593300,0.0,0.0,0.008626636616088534,171.1058723449707,176.40994659423828,0.016460493015245485,0.008626636616088534,0.0695392002683729
2024-04-15 00:00:00-04:00,174.7277545222084,175.9931798985106,171.8780654093003,172.0673828125,73531800,0.0,0.0,-0.021863587686554498,171.10935897827147,176.13231323242186,0.017239618636962897,-0.021863587686554498,0.009356192594374231
2024-04-16 00:00:00-04:00,171.1307833718662,173.13353117115574,167.6633342016507,168.7693328857422,73711200,0.0,0.0,-0.019167199923948774,170.89314193725585,175.80882080078126,0.01769520489739921,-0.019167199923948774,-0.06304977327083017
2024-04-17 00:00:00-04:00,168.99849837401,170.0347421275801,167.39430236816406,167.39430236816406,50901200,0.0,0.0,-0.008147395584652939,170.4905975341797,175.42140625,0.017409916027237522,-0.008147395584652939,-0.12649743664319985
2024-04-18 00:00:00-04:00,167.4241802492927,168.0319815519269,165.94952052629202,166.437744140625,43122900,0.0,0.0,-0.005714401350621956,169.91119308471679,174.98261810302733,0.016958899239113086,-0.005714401350621956,-0.1900763309475196
2024-04-19 00:00:00-04:00,165.610765092168,165.80006730864108,163.48843957599198,164.40512084960938,67772100,0.0,0.0,-0.012212514063506208,169.59384231567384,174.50098815917968,0.014668144867533135,-0.012212514063506208,-0.12211729975898492
2024-04-22 00:00:00-04:00,164.9232423149658,166.65695922918923,164.17594634744867,165.24208068847656,48116400,0.0,0.0,0.005090838013694254,169.27300338745118,174.05779113769532,0.01466263701716263,0.005090838013694254,-0.12291110290607156
2024-04-23 00:00:00-04:00,164.75384886459605,166.44771659935518,164.32539129188558,166.29824829101562,49537800,0.0,0.0,0.006391638244559461,169.07621383666992,173.62037322998046,0.014687958949288439,0.006391638244559461,-0.0726856606131375
2024-04-24 00:00:00-04:00,165.93955957507254,168.68961856026672,165.61076271741103,168.41062927246094,48251800,0.0,0.0,0.012702364595859938,169.04183807373047,173.2590805053711,0.014935675942916313,0.012702364595859938,-0.006618942233497019
2024-04-25 00:00:00-04:00,168.91879363485126,169.9949017439694,167.54376407257087,169.27749633789062,50558300,0.0,0.0,0.005147341763251934,168.87145538330077,172.9571731567383,0.014140005062760615,0.005147341763251934,-0.06379910070812828
2024-04-26 00:00:00-04:00,169.26753170576032,170.72225941243215,168.57004327249933,168.6896209716797,44838400,0.0,0.0,-0.003472850077115397,168.76284942626953,172.66124420166017,0.013973084216709156,-0.003472850077115397,-0.039204239387854195
2024-04-29 00:00:00-04:00,172.74492977704497,175.39534310552878,172.47591417733986,172.8744659423828,68169400,0.0,0.0,0.0248079576360285,168.93572311401368,172.45479095458984,0.014929222001657031,0.0248079576360285,0.07471095897633208
2024-04-30 00:00:00-04:00,172.70508045160457,174.35909916149876,169.38708455902474,169.7158966064453,65934800,0.0,0.0,-0.018270884128082976,169.00995483398438,172.2160549926758,0.015455172342802569,-0.018270884128082976,0.03570173820895577
2024-05-01 00:00:00-04:00,168.96861026347364,172.08733045132695,168.50030355143892,168.6896209716797,50383100,0.0,0.0,-0.006047021258977603,168.9925178527832,171.97173919677735,0.015488572979400947,-0.006047021258977603,0.00061644196695485
2024-05-02 00:00:00-04:00,171.8880442050533,172.7947670308616,170.27388965643632,172.4061737060547,94214900,0.0,0.0,0.022031899253593945,169.20225830078124,171.78660888671874,0.016194104663562848,0.022031899253593945,0.08371939052909887
2024-05-03 00:00:00-04:00,185.9770408577792,186.32578503963057,182.0014362443012,182.7188415527344,163224100,0.0,0.0,0.05981611693478217,169.88976974487304,171.76688049316405,0.020821880618547506,0.05981611693478217,0.19793976718160683
2024-05-06 00:00:00-04:00,181.69256254536748,183.53588344480863,179.76951304919194,181.05487060546875,78569700,0.0,0.0,-0.009106728857983803,170.5503791809082,171.75073852539063,0.02089552169541049,-0.009106728857983803,0.19139599927294773
2024-05-07 00:00:00-04:00,182.78860333233249,184.23337259597065,180.66629297548116,181.7423858642578,77305800,0.0,0.0,0.0037972756904574023,171.1845848083496,171.77544891357422,0.020881574864239354,0.0037972756904574023,0.18327452805497144
2024-05-08 00:00:00-04:00,182.19076551728077,182.40997355379537,180.79580390275356,182.08116149902344,45057100,0.0,0.0,0.001864043069285115,171.9298889160156,171.77764099121094,0.020591477239588755,0.001864043069285115,0.21743116387633257
2024-05-09 00:00:00-04:00,181.90180851615733,183.9942434045937,181.4534339554284,183.90457153320312,48983000,0.0,0.0,0.010014270664620462,172.4046714782715,171.84041412353517,0.018533848836363127,0.010014270664620462,0.15185135059573207
2024-05-10 00:00:00-04:00,184.4832417440643,184.67281593274453,181.719496099358,182.63742065429688,50759500,0.25,0.0,-0.006890263076888559,172.74086837768556,171.89119598388672,0.018602386479907976,-0.006890263076888559,0.1095851328049662
2024-05-13 00:00:00-04:00,185.022050078909,186.6783123559709,184.20389092118023,185.8601531982422,72044800,0.0,0.0,0.017645521560696098,173.43050689697264,172.02815368652344,0.01801920635774377,0.017645521560696098,0.22276233345468804
2024-05-14 00:00:00-04:00,187.0873746193062,187.87560260141976,185.87012310151908,187.00755310058597,52393600,0.0,0.0,0.006173458283551092,174.34241790771483,172.2789306640625,0.01717454039325004,0.006173458283551092,0.3074919761872117
2024-05-15 00:00:00-04:00,187.48648604697289,190.2203008031565,186.9476945906926,189.2924041748047,70400000,0.0,0.0,0.01221796144773779,175.43732299804688,172.67464569091797,0.01693857757567955,0.01221796144773779,0.3718908030560745
2024-05-16 00:00:00-04:00,190.04070957734743,190.66929452090585,189.23253763528552,189.41212463378903,52845200,0.0,0.0,0.0006324630906677786,176.58604202270507,173.09268280029298,0.016760169993502282,0.0006324630906677786,0.39478385015645806
2024-05-17 00:00:00-04:00,189.082873144053,190.3799462232965,188.7536150776328,189.4420623779297,41282900,0.0,0.0,0.00015805611282027066,177.8378890991211,173.51371002197266,0.01624918988901046,0.00015805611282027066,0.4452636099120939
2024-05-20 00:00:00-04:00,188.90328335886423,191.48744227389747,188.58399727816297,190.6094207763672,44361300,0.0,0.0,0.006162086623131557,179.10625610351562,173.92360931396485,0.016243514061414395,0.006162086623131557,0.44871666014152456
2024-05-21 00:00:00-04:00,190.65930352654092,192.295606563888,190.4896885120816,191.91647338867188,42309400,0.0,0.0,0.006857229862936354,180.38716735839844,174.31939514160158,0.01624249431060125,0.006857229862936354,0.4501780834699849
2024-05-22 00:00:00-04:00,191.83666445590288,192.3854279059742,189.84117207338795,190.46974182128903,34648500,0.0,0.0,-0.00753833968412343,181.49012298583983,174.6766812133789,0.016517210586346805,-0.00753833968412343,0.38141910903085685
2024-05-23 00:00:00-04:00,190.54955125962863,190.5695104450197,186.20936473753517,186.45880126953125,51005900,0.0,0.0,-0.02105815082965312,182.34918823242188,174.99559661865234,0.017616303763797,-0.02105815082965312,0.28324358973239605
2024-05-24 00:00:00-04:00,188.3944296603675,190.15045735054443,187.6161736804281,189.5518035888672,36294600,0.0,0.0,0.016588127233881034,183.39229736328124,175.33910705566407,0.01768010392677311,0.016588127233881034,0.33895468071028323
2024-05-28 00:00:00-04:00,191.07836129474845,192.5650085513949,188.6738046237944,189.56179809570312,52280100,0.0,0.0,5.272704689018859e-05,184.22666397094727,175.69039001464844,0.017152207747586766,5.272704689018859e-05,0.27722334768456225
2024-05-29 00:00:00-04:00,189.18265440509,191.816703719756,189.0828736970108,189.86111450195312,53068000,0.0,0.0,0.0015789911746821872,185.23392486572266,176.0257388305664,0.01630298890269735,0.0015789911746821872,0.35254187139601245
2024-05-30 00:00:00-04:00,190.33005195445256,191.74684967437963,190.2003553062749,190.85885620117188,49947900,0.0,0.0,0.005255113464576633,186.34238662719727,176.3340121459961,0.016066812161993026,0.005255113464576633,0.3928964183832224
2024-05-31 00:00:00-04:00,191.00852422632752,192.13598224075488,189.4819738440947,191.8166961669922,75158300,0.0,0.0,0.005018577523123735,187.31291275024415,176.60982940673827,0.01563533756975196,0.005018577523123735,0.34933219972980706
2024-06-03 00:00:00-04:00,192.46520870740557,194.55050954143104,192.0860755575436,193.59266662597656,50080500,0.0,0.0,0.009258685476671191,187.85660400390626,177.06664001464844,0.009110568015370003,0.009258685476671191,0.3220496558396902
2024-06-04 00:00:00-04:00,194.20129645164835,194.87977170290745,192.59492465346364,193.91195678710935,47471400,0.0,0.0,0.0016492885123053913,188.49945831298828,177.51170196533204,0.008669159155788074,0.0016492885123053913,0.40048361092210766
2024-06-05 00:00:00-04:00,194.95958593724887,196.45620511862305,194.43078171111517,195.42852783203125,54156800,0.0,0.0,0.007820925898792908,189.18376541137695,178.01559173583985,0.008723625243985044,0.007820925898792908,0.42104498646566696
2024-06-06 00:00:00-04:00,195.24893596907827,196.05710787096345,193.7323576402732,194.04165649414065,41181800,0.0,0.0,-0.007096565446589209,189.78179016113282,178.51446197509765,0.009045581628904146,-0.007096565446589209,0.35652856602237315
2024-06-07 00:00:00-04:00,194.21128637904516,196.49613363963536,193.70244131187536,196.4462432861328,53103900,0.0,0.0,0.012392116391073849,190.40887374877929,178.98968383789062,0.00915448544971873,0.012392116391073849,0.3652745478356654
2024-06-10 00:00:00-04:00,196.45620195884163,196.85530953542744,191.7169079607164,192.68472290039065,97262100,0.0,0.0,-0.019147835676670777,190.91123886108397,179.42614349365235,0.010223592843002458,-0.019147835676670777,0.26712936882989474
2024-06-11 00:00:00-04:00,193.21353266624035,206.6930926736998,193.1935887051364,206.68310546875,172373300,0.0,0.0,0.07264915639210212,191.95238647460937,180.17146575927734,0.01849715255454769,0.07264915639210212,0.2963268875429032
2024-06-12 00:00:00-04:00,206.902617394007,219.7037025197263,206.4336754784377,212.58978271484372,198134300,0.0,0.0,0.028578423150250165,193.23149795532225,181.05863616943358,0.019206155276722443,0.028578423150250165,0.3437154283674456
2024-06-13 00:00:00-04:00,214.25601418934664,216.2614784743462,211.12309188063196,213.75714111328125,97862700,0.0,0.0,0.005491131245960901,194.4547348022461,181.95301177978516,0.019161470015339483,0.005491131245960901,0.32696397369961844
2024-06-14 00:00:00-04:00,213.36801320894725,214.68503016669277,210.8237575657328,212.01107788085935,70122700,0.0,0.0,-0.008168443979593487,195.5846824645996,182.82900604248047,0.01939723896181858,-0.008168443979593487,0.30030382345108236
2024-06-17 00:00:00-04:00,212.8890905531968,218.45651588142053,212.2405616472853,216.18165588378903,93728300,0.0,0.0,0.01967150983154453,196.9216621398926,183.7732669067383,0.01958701907343468,0.01967150983154453,0.34720636586239323
2024-06-18 00:00:00-04:00,217.09957203800775,218.13723651623957,212.5199210550432,213.8070068359375,79943300,0.0,0.0,-0.010984507626900841,198.0815414428711,184.6925534057617,0.01998760378895719,-0.010984507626900841,0.2973547034861001
2024-06-20 00:00:00-04:00,213.4478340050977,213.75714811087835,208.37929678381892,209.20741271972656,86172500,0.0,0.0,-0.021512831521655396,198.94608840942382,185.49553619384767,0.020904984042186704,-0.021512831521655396,0.21645101090257107
2024-06-21 00:00:00-04:00,209.91581187096148,211.41243109582916,206.64320571720276,207.02235412597656,246421400,0.0,0.0,-0.01044446066869198,199.7737190246582,186.29248168945313,0.021003115755223494,-0.01044446066869198,0.2085213894284133
2024-06-24 00:00:00-04:00,207.25181639438412,212.22058759649929,206.1243584552299,207.67086791992188,80727000,0.0,0.0,0.0031325785888352,200.83432235717774,186.95772064208984,0.0201399092364074,0.0031325785888352,0.27751541900823473
2024-06-25 00:00:00-04:00,208.67859169129048,210.9035764661568,208.13981549353107,208.59878540039065,56713900,0.0,0.0,0.004468212078867939,201.78667144775392,187.61142669677736,0.01997318856331172,0.004468212078867939,0.2494914408374522
2024-06-26 00:00:00-04:00,211.0233076661301,214.3757352905112,210.16524538059213,212.7693634033203,66213200,0.0,0.0,0.01999329955313267,202.94704971313476,188.42546630859374,0.0202104084425711,0.01999329955313267,0.2958954656994606
2024-06-27 00:00:00-04:00,214.2061287476001,215.2537652762344,211.8714063519454,213.61746215820312,49772700,0.0,0.0,0.003986000340073348,204.13486709594727,189.32242889404296,0.020189976982335635,0.003986000340073348,0.3021558014502857
2024-06-28 00:00:00-04:00,215.2836804856933,215.5830073608868,209.8260080950157,210.1452789306641,82542700,0.0,0.0,-0.016254210645792466,205.09918823242188,190.17744842529297,0.020801005671927927,-0.016254210645792466,0.24157738092555628
2024-07-01 00:00:00-04:00,211.61197396968475,217.01975619065925,211.4423589537816,216.261474609375,60402900,0.0,0.0,0.0291046066313434,206.32142715454103,191.17392303466798,0.02148655999632947,0.0291046066313434,0.28991862482021913
2024-07-02 00:00:00-04:00,215.66281990345283,219.88329699479613,214.6151986465016,219.77354431152344,58046200,0.0,0.0,0.016239923030637593,207.63047103881837,192.28129150390626,0.021594797996037335,0.016239923030637593,0.3046296522504373
2024-07-03 00:00:00-04:00,219.50414962607877,221.0506591796875,218.5363346575029,221.0506591796875,37369800,0.0,0.0,0.005811049151365433,208.98740615844727,193.39746307373048,0.021564831570290446,0.005811049151365433,0.3147023807621091
2024-07-05 00:00:00-04:00,221.15041758535088,225.93960192344272,221.15041758535088,225.8298492431641,60412400,0.0,0.0,0.021620338438311126,210.5074722290039,194.58809509277344,0.02181893031669433,0.021620338438311126,0.3426599908593927
2024-07-08 00:00:00-04:00,226.57816816685516,227.33646497984205,222.74682662809303,227.30653381347656,59085900,0.0,0.0,0.006538925546208274,212.17071609497071,195.76601318359374,0.021550989546419694,0.006538925546208274,0.378555657267971
2024-07-09 00:00:00-04:00,227.4162716895273,228.8829597417087,225.85979013808537,228.16458129882807,48076100,0.0,0.0,0.00377484743159906,213.75663299560546,196.9437548828125,0.02154802905676474,0.00377484743159906,0.35861217488568514
2024-07-10 00:00:00-04:00,228.78318145764177,232.5546604594905,228.73329110826765,232.4548797607422,62627700,0.0,0.0,0.01880352523380968,215.74514083862306,198.21906005859375,0.020711580325296734,0.01880352523380968,0.46471362681652195
2024-07-11 00:00:00-04:00,230.86848076037649,231.86622690917008,225.26115227596375,227.05709838867188,64710600,0.0,0.0,-0.023220770317345263,216.76384048461915,199.30271270751953,0.015890515101277702,-0.023220770317345263,0.30404661169287794
2024-07-12 00:00:00-04:00,228.40404188598967,232.1156587015828,228.1645773343909,230.0203857421875,53046500,0.0,0.0,0.01305084656918809,217.63537063598633,200.5088024902344,0.015024971536617852,0.01305084656918809,0.26988925973417827
2024-07-15 00:00:00-04:00,235.94700263838573,236.6953122424788,232.5646438368613,233.87168884277344,62631300,0.0,0.0,0.016743312068446814,218.64109802246094,201.81244384765625,0.015289907352319932,0.016743312068446814,0.30200885984888237
2024-07-16 00:00:00-04:00,234.4703432233226,235.7374850857013,231.80636285277689,234.29075622558597,43234300,0.0,0.0,0.0017918688015901019,219.75508193969728,203.05013549804687,0.015011195421806204,0.0017918688015901019,0.34079252064742127
2024-07-17 00:00:00-04:00,228.9328431112231,230.93832254659503,226.12917896312732,228.3641357421875,57345900,0.0,0.0,-0.025296006461697718,220.36420593261718,203.96304138183595,0.016048086403279177,-0.025296006461697718,0.1786709791443022
2024-07-18 00:00:00-04:00,229.7609704275717,229.92061345724463,221.7690296564846,223.6747131347656,66034600,0.0,0.0,-0.020534847086129293,220.8575912475586,204.81543823242188,0.016614053108444243,-0.020534847086129293,0.1438427048779679
2024-07-19 00:00:00-04:00,224.31328836166992,226.288821401956,222.77675082247163,223.80442810058597,49151500,0.0,0.0,0.0005799268232087318,221.58744201660156,205.65667907714842,0.015647504164547698,0.0005799268232087318,0.22332304363691133
2024-07-22 00:00:00-04:00,226.4983442399413,227.26661302541467,222.587181224328,223.45523071289065,48201800,0.0,0.0,-0.0015602791716810005,222.40908584594726,206.48416046142577,0.015354330776580848,-0.0015602791716810005,0.25651768139618386
2024-07-23 00:00:00-04:00,223.86429647317823,226.4285113596948,222.1781030613285,224.5028533935547,39960300,0.0,0.0,0.004688288912825245,223.2506851196289,207.2961260986328,0.015353972863516266,0.004688288912825245,0.2615898101488678
2024-07-24 00:00:00-04:00,223.4951246791964,224.2933245979301,216.64061389677997,218.04742431640625,61777600,0.0,0.0,-0.028754329753805097,223.72311706542968,208.004326171875,0.017010333930726873,-0.028754329753805097,0.1384638164280759
2024-07-25 00:00:00-04:00,218.4365585703147,220.35224458682225,214.13627507494223,216.99981689453125,51391200,0.0,0.0,-0.004804493449804936,223.93463973999025,208.6271194458008,0.016554687071619115,-0.004804493449804936,0.06737826573175225
2024-07-26 00:00:00-04:00,218.2070723817432,218.99530033853077,215.5231328955533,217.46875,41601300,0.0,0.0,0.0021609838762981504,224.12720413208007,209.23634338378906,0.016543057181191777,0.0021609838762981504,0.061909674264633945
2024-07-29 00:00:00-04:00,216.47100932714253,218.80573164190093,215.26372979848315,217.7481231689453,36311800,0.0,0.0,0.0012846589174091427,224.50734634399413,209.80545776367188,0.016036023117869905,0.0012846589174091427,0.11855300691543316
2024-07-30 00:00:00-04:00,218.6959746261333,219.8334045947242,215.63288672795755,218.30685424804688,41643800,0.0,0.0,0.002565951297169411,224.60961532592773,210.38335235595704,0.014709688804657266,0.002565951297169411,0.0390345438646114
2024-07-31 00:00:00-04:00,220.94091084366264,223.3155515626994,220.13273889458492,221.5794677734375,50036300,0.0,0.0,0.014990887650610185,224.69991149902344,211.02610046386718,0.014642173974246862,0.014990887650610185,0.03494933366990872
2024-08-01 00:00:00-04:00,223.86429233538576,223.9740450176905,216.53086747941563,217.8678436279297,62501000,0.0,0.0,-0.016750758465143067,224.54077072143554,211.57126892089843,0.01507512952225368,-0.016750758465143067,-0.04088562927680073
2024-08-02 00:00:00-04:00,218.65604975341137,225.0915242198944,217.21930817086155,219.3644561767578,105568600,0.0,0.0,0.006869359534232178,224.21750106811524,212.12022857666017,0.014269247123754472,0.006869359534232178,-0.09488272859867121
2024-08-05 00:00:00-04:00,198.64127617987643,213.0188017705649,195.55824424838744,208.79833984375,119548600,0.0,0.0,-0.04816694790560749,223.2920913696289,212.4868005371094,0.01754414646341449,-0.04816694790560749,-0.23308051966328047
2024-08-06 00:00:00-04:00,204.83728149035767,209.51671322927783,200.6168196653937,206.76292419433597,69660500,0.0,0.0,-0.009748236748133077,222.2220085144043,212.89288299560548,0.01748560644949721,-0.009748236748133077,-0.27253003763360956
2024-08-07 00:00:00-04:00,206.43367474426563,213.15848935419996,205.9248296826355,209.34710693359372,63516400,0.0,0.0,0.012498288797796686,221.06661987304688,213.2887890625,0.017090680335122097,0.012498288797796686,-0.2972739941246063
2024-08-08 00:00:00-04:00,212.6296774525561,213.71721707569145,208.35932525259923,212.8292236328125,47161100,0.0,0.0,0.01663322101854181,220.3552261352539,213.7541375732422,0.01718742521508859,0.01663322101854181,-0.179661304709179
2024-08-09 00:00:00-04:00,211.62197118803232,216.29141600978787,211.4922593126285,215.7526397705078,42201600,0.0,0.0,0.013735971441304562,219.64183883666993,214.27196807861327,0.017221932444730578,0.013735971441304562,-0.17731221539327116
2024-08-12 00:00:00-04:00,215.83255236617865,219.26875909808803,215.36306766380915,217.2909393310547,38028100,0.25,0.0,0.007129922313734438,218.81280136108398,214.80060974121093,0.016768498955732753,0.007129922313734438,-0.21077190583333333
2024-08-13 00:00:00-04:00,218.76929897291208,221.646138683676,218.76929897291208,221.02682495117188,44155300,0.0,0.0,0.017193011506224654,218.14960479736328,215.38481231689454,0.01736885154070767,0.017193011506224654,-0.15915107231780148
2024-08-14 00:00:00-04:00,220.3276035510778,222.7848915052682,219.45854930599305,221.4763336181641,41960600,0.0,0.0,0.0020337290149805565,217.80521469116212,215.94248565673828,0.01655907935272605,0.0020337290149805565,-0.08441197387995483
2024-08-15 00:00:00-04:00,224.35317447515425,225.10235023777116,222.5151850202656,224.47303771972656,46414000,0.0,0.0,0.01353058384436201,217.84513092041016,216.55370727539062,0.01623586902021692,0.01353058384436201,0.01881556030944582
2024-08-16 00:00:00-04:00,223.67391069385005,226.5807162697698,223.4042031553576,225.80157470703125,44340200,0.0,0.0,0.005918470212727733,217.94498825073242,217.16116821289063,0.01628443020565813,0.005918470212727733,0.035151008354177206
2024-08-19 00:00:00-04:00,225.4719428035102,225.74165035068276,222.79488010428776,225.64175415039065,40687800,0.0,0.0,-0.0007077920375354596,218.05431442260743,217.7931701660156,0.01627966908643372,-0.0007077920375354596,0.03777954549591609
2024-08-20 00:00:00-04:00,225.52188562847152,226.92034094772856,225.20222998863,226.2610626220703,30299000,0.0,0.0,0.002744653683497189,218.1422248840332,218.38946655273438,0.016259863228072168,0.002744653683497189,0.031848775735635625
2024-08-21 00:00:00-04:00,226.2710625686077,227.7294495174454,224.8026768547104,226.15118408203125,34765500,0.0,0.0,-0.000485627260677135,218.54741287231445,219.0587957763672,0.01473890303859409,-0.000485627260677135,0.13103362285797343
2024-08-22 00:00:00-04:00,227.53966079897057,228.08905941841812,223.65393636981636,224.2832489013672,43695300,0.0,0.0,-0.00825967455464005,218.91158447265624,219.41079864501953,0.014841900275121124,-0.00825967455464005,0.11848434326198637
2024-08-23 00:00:00-04:00,225.41200238324527,227.96918649391685,224.0834622297127,226.5906982421875,38677300,0.0,0.0,0.010288103780033309,219.36768188476563,219.69081695556642,0.014964250701312378,0.010288103780033309,0.14467071190236852
2024-08-26 00:00:00-04:00,226.5107917661563,227.03022456881217,223.64395069142012,226.93032836914065,30602200,0.0,0.0,0.00149887056083009,219.8267921447754,219.9542807006836,0.014963664171478942,0.00149887056083009,0.1453921552424415
2024-08-27 00:00:00-04:00,225.7516206650164,228.5984945445466,224.6428399715384,227.7793884277344,35934600,0.0,0.0,0.003741501035562811,220.30041885375977,220.2696469116211,0.014967586453831744,0.003741501035562811,0.1492810399343369
2024-08-28 00:00:00-04:00,227.6695099550691,229.6073802985885,225.4319662685897,226.2410888671875,38052200,0.0,0.0,-0.0067534625110952096,220.53349990844725,220.47083557128906,0.014780777153739754,-0.0067534625110952096,0.07761157286371634
2024-08-29 00:00:00-04:00,229.8471324488683,232.66402541964027,228.628471976358,229.53746032714844,51906300,0.0,0.0,0.014570171477100935,221.1169807434082,220.7854446411133,0.014439980775444006,0.014570171477100935,0.18789539282323597
2024-08-30 00:00:00-04:00,229.93703146120657,230.1467921428208,227.2300029525068,228.7483367919922,52990800,0.0,0.0,-0.0034378856245579348,221.58617477416993,221.1762631225586,0.014467746703873473,-0.0034378856245579348,0.15191333157872391
2024-09-03 00:00:00-04:00,228.29882348382424,228.748325879288,220.92692932694945,222.52517700195312,50190600,0.0,0.0,-0.027205267925938914,222.27251663208008,221.48631958007812,0.010961558047134314,-0.027205267925938914,0.29611918189445113
2024-09-04 00:00:00-04:00,221.4164072047842,221.53627045160735,217.24099295020864,220.6072998046875,43840200,0.0,0.0,-0.008618697547418619,222.96473541259766,221.74504821777344,0.01089378521870117,-0.008618697547418619,0.3031457381381536
2024-09-05 00:00:00-04:00,221.38642912323468,225.23218875186365,221.2765494057299,222.13560485839844,36615400,0.0,0.0,0.006927717510091469,223.6041603088379,222.0157846069336,0.010716056853580092,0.006927717510091469,0.282181779937662
2024-09-06 00:00:00-04:00,223.7038813850335,224.99247224215048,219.5284824188554,220.57733154296875,48423000,0.0,0.0,-0.0070149641991117395,223.9915657043457,222.17194396972656,0.010436388321260093,-0.0070149641991117395,0.1764467437669467
2024-09-09 00:00:00-04:00,220.57732363843863,221.0268260349447,216.47183996524672,220.66722106933597,67180000,0.0,0.0,0.00040751933001659246,224.2372947692871,222.3129391479492,0.010055478747126432,0.00040751933001659246,0.1168561099833392
2024-09-10 00:00:00-04:00,218.67940838073807,221.2365925404848,216.49181271910507,219.86810302734372,51591000,0.0,0.0,-0.0036213717566196957,224.36615295410155,222.5073956298828,0.0100076442330694,-0.0036213717566196957,0.06369924949821193
2024-09-11 00:00:00-04:00,221.2166203203216,222.84481857216005,217.6505364639129,222.4152984619141,44587100,0.0,0.0,0.011585106704875558,224.43557662963866,222.63047210693358,0.009589189059596012,0.011585106704875558,0.03723820487894505
2024-09-12 00:00:00-04:00,222.25546946786716,223.30431855196207,219.57842214055836,222.52517700195312,37498200,0.0,0.0,0.0004940242006681306,224.48801879882814,222.6855047607422,0.009581197237942238,0.0004940242006681306,0.02923423233573997
2024-09-13 00:00:00-04:00,223.33429284055268,223.7937787761964,221.6661299590252,222.25547790527344,36766600,0.0,0.0,-0.0012119936283763177,224.37714080810548,222.7096011352539,0.009061112051014295,-0.0012119936283763177,-0.05043861337938132
2024-09-16 00:00:00-04:00,216.302019591785,216.98128020943747,213.6849038037586,216.082275390625,59357400,0.0,0.0,-0.0277752547331116,223.89117584228515,222.51464965820313,0.010782164439171555,-0.0277752547331116,-0.19863508731507415
2024-09-17 00:00:00-04:00,215.51289221314667,216.6616222741377,214.2642659546696,216.5517425537109,45519300,0.0,0.0,0.002172631523049473,223.43667526245116,222.29955383300782,0.010821491641284911,0.002172631523049473,-0.18460440233301167
2024-09-18 00:00:00-04:00,217.31091546092293,222.4652482757468,217.3009166960367,220.4474639892578,59894900,0.0,0.0,0.017989794908164436,223.14599533081054,222.1452114868164,0.011676287510778436,0.017989794908164436,-0.10580742675420436
2024-09-19 00:00:00-04:00,224.7427436847832,229.56743739121876,224.38313871157,228.61846923828125,66781300,0.0,0.0,0.037065544330424194,223.26935958862305,222.06848327636717,0.014484613638272435,0.037065544330424194,0.04433122346464818
2024-09-20 00:00:00-04:00,229.7172625160979,232.83382873595048,227.36983908638868,227.9492034912109,318679900,0.0,0.0,-0.0029274351687342826,223.45265731811523,222.08632537841797,0.014360682333973772,-0.0029274351687342826,0.0632792086169054
2024-09-23 00:00:00-04:00,227.0901541218493,229.19783588273827,225.56183678133013,226.2211151123047,54146000,0.0,0.0,-0.007581023984463475,223.4341781616211,222.01033996582032,0.014302176540471187,-0.007581023984463475,0.0010681049156796283
2024-09-24 00:00:00-04:00,228.39870925768025,229.09795215651428,225.48192014495527,227.1201171875,43556100,0.0,0.0,0.003973997187437739,223.44366760253905,221.87530853271485,0.014326377822991954,0.003973997187437739,0.00970465515540492
2024-09-25 00:00:00-04:00,224.6827959331431,227.04020291666632,223.77380760174057,226.1212158203125,42308700,0.0,0.0,-0.0043981192840035765,223.36075897216796,221.71191772460938,0.014334265582030223,-0.0043981192840035765,-0.018692862780221427
2024-09-26 00:00:00-04:00,227.0501990579812,228.24887720276465,225.16227678839184,227.26995849609372,36636700,0.0,0.0,0.005080207408286963,223.41220245361328,221.6900341796875,0.014296652750011666,0.005080207408286963,0.02264411411885923
2024-09-27 00:00:00-04:00,228.20893469195548,229.26776733886916,227.05020584581527,227.53965759277344,34026000,0.0,0.0,0.0011866904823865099,223.31231231689452,221.76733306884765,0.013902516205235055,0.0011866904823865099,-0.024847229684701093
2024-09-30 00:00:00-04:00,229.78718847660608,232.7439422607422,229.39761768078608,232.7439422607422,54541900,0.0,0.0,0.022871989538117532,223.51209259033203,221.9461233520508,0.01480965983803001,0.022871989538117532,0.06550148723173213
2024-10-01 00:00:00-04:00,229.2677705196639,229.3976172900359,223.49412373913023,225.9614105224609,63285000,0.0,0.0,-0.029141603740143074,223.68390426635742,221.99624694824217,0.015008541717336014,-0.029141603740143074,0.058182731575323825
2024-10-02 00:00:00-04:00,225.6417556602632,227.1201249339536,222.77491454853467,226.53077697753903,32880600,0.0,0.0,0.002519750844897084,223.980078125,222.03680541992188,0.014843536744542293,0.002519750844897084,0.09634903044373444
2024-10-03 00:00:00-04:00,224.8925655126969,226.56072831643584,223.0745736591087,225.42198181152344,34044200,0.0,0.0,-0.004894677804091696,224.14439697265624,222.18429656982423,0.014848485782455562,-0.004894677804091696,0.05650681290174504
2024-10-04 00:00:00-04:00,227.6495326914976,227.7494288886953,223.88368688105717,226.55075073242188,37245100,0.0,0.0,0.00500735958324694,224.4430679321289,222.37531524658203,0.014756864145412728,0.00500735958324694,0.09759233282289546
2024-10-07 00:00:00-04:00,224.25327473060864,225.4419693605541,221.08676038639476,221.4463653564453,39505400,0.0,0.0,-0.022530869394493114,224.48202514648438,222.45486755371093,0.01570244872186473,-0.022530869394493114,0.01867462623632522
2024-10-08 00:00:00-04:00,224.05349542674807,225.7316417761856,223.0046463373399,225.5218811035156,31855700,0.0,0.0,0.01840407604121319,224.76471405029298,222.61034271240234,0.016178597488203363,0.01840407604121319,0.08619472434395742
2024-10-09 00:00:00-04:00,224.9824739985636,229.49751090746847,224.58291968465133,229.2877349853516,33591100,0.0,0.0,0.016698396906805968,225.10833587646485,222.82996032714843,0.016387168802691053,0.016698396906805968,0.10069916778992746
2024-10-10 00:00:00-04:00,227.5296744960524,229.2477854802332,226.9203442604764,228.7882843017578,28183500,0.0,0.0,-0.00217827038862628,225.42149124145507,222.97413665771484,0.016407972987390593,-0.00217827038862628,0.09242820746747911
2024-10-11 00:00:00-04:00,229.04800351672907,229.15788323697032,227.09015084025384,227.2999267578125,31759200,0.0,0.0,-0.006505392304014368,225.67371368408203,223.1627783203125,0.01649675514979084,-0.006505392304014368,0.07588702058376011
2024-10-14 00:00:00-04:00,228.44865815944692,231.47532700331135,228.34877720356224,231.0458068847656,39882100,0.0,0.0,0.016479900281465287,226.42189025878906,223.39640533447266,0.015324742537706895,0.016479900281465287,0.2260819286080288
2024-10-15 00:00:00-04:00,233.3532605949055,237.2290013087572,232.1146178817108,233.59300231933597,64751400,0.0,0.0,0.011024633897990466,227.27395324707032,223.89229858398437,0.015413038119736818,0.011024633897990466,0.25350274467238126
2024-10-16 00:00:00-04:00,231.34547369396785,231.86489123072647,229.5873982094942,231.5252685546875,34082200,0.0,0.0,-0.008851865184821506,227.8278434753418,224.3875454711914,0.015290392950331867,-0.008851865184821506,0.16776314845383683
2024-10-17 00:00:00-04:00,233.17345903647427,233.59301088010824,230.26666863657624,231.89486694335935,32993800,0.0,0.0,0.001596363070774487,227.9916633605957,224.83850067138673,0.012957187477217922,0.001596363070774487,0.06110163959991797
2024-10-18 00:00:00-04:00,235.9204255737285,235.9204255737285,233.75281228137575,234.74172973632807,46431500,0.0,0.0,0.01227652354057529,228.33128967285157,225.27675079345704,0.013171733015943094,0.01227652354057529,0.11782074029655712
2024-10-21 00:00:00-04:00,234.19234018879644,236.5897117727769,234.19234018879644,236.22010803222656,36254500,0.0,0.0,0.006297892997376708,228.83123931884765,225.6861001586914,0.013030085231873342,0.006297892997376708,0.1723587485464315
2024-10-22 00:00:00-04:00,233.6329632952546,235.9604045441033,232.3443876620224,235.60079956054688,38846600,0.0,0.0,-0.002621743241245089,229.2552734375,226.05229736328124,0.013067458724380619,-0.002621743241245089,0.1466285222703625
2024-10-23 00:00:00-04:00,233.822752128634,234.88158476901867,227.50969037853835,230.5063934326172,52287000,0.0,0.0,-0.021623042610347643,229.47453231811522,226.24188873291016,0.01403716259330204,-0.021623042610347643,0.07514453075944265
2024-10-24 00:00:00-04:00,229.7272566761152,230.56634513279107,228.15898997077213,230.31661987304688,31109500,0.0,0.0,-0.0008232897870825706,229.6268653869629,226.41869445800782,0.01401010477646284,-0.0008232897870825706,0.05422094613991847
2024-10-25 00:00:00-04:00,229.4875225740561,232.96369380669327,229.3177112321018,231.1556854248047,38802300,0.0,0.0,0.003643095979006361,229.80766677856445,226.55234741210938,0.014024804952933316,0.003643095979006361,0.06292147479353216
2024-10-28 00:00:00-04:00,233.0635949831452,234.472033847566,232.2944369244333,233.14349365234372,36087100,0.0,0.0,0.00859943472247271,229.82764434814453,226.69918579101562,0.01318498940020425,0.00859943472247271,0.01280499099569562
2024-10-29 00:00:00-04:00,232.84382710997653,234.07247106119948,232.06468555632105,233.41319274902344,35417200,0.0,0.0,0.0011567944378576556,230.20023345947266,226.85461456298827,0.011236710613573104,0.0011567944378576556,0.14984399237034243
2024-10-30 00:00:00-04:00,232.3543581715744,233.21341362628857,229.29772360355057,229.8471221923828,47070900,0.0,0.0,-0.015277930585847477,230.36605072021484,226.92633575439453,0.01185476055371056,-0.015277930585847477,0.06696630474432345
2024-10-31 00:00:00-04:00,229.08795100904052,229.57741798472995,225.1223128313268,225.66172790527344,64370100,0.0,0.0,-0.01820947004768758,230.37803802490234,226.9165466308594,0.012544813914942991,-0.01820947004768758,0.010213774122097374
2024-11-01 00:00:00-04:00,220.72715344034327,225.10234466312104,220.02792579428785,222.6650238037109,65276700,0.0,0.0,-0.013279629334489784,230.1837516784668,226.88418212890625,0.012833580937890948,-0.013279629334489784,-0.06126267905745336
2024-11-04 00:00:00-05:00,220.74713841963052,222.5451480336916,219.46854635353304,221.76600646972656,44944500,0.0,0.0,-0.004037532786365539,230.19973373413086,226.78768829345702,0.011809800256924446,-0.004037532786365539,0.011723083984366162
2024-11-05 00:00:00-05:00,221.5562414690178,223.70387248945224,220.896963160989,223.2044219970703,28111300,0.0,0.0,0.006486185823705526,230.0838607788086,226.71317016601563,0.011120192740855022,0.006486185823705526,-0.041136627870147525
2024-11-06 00:00:00-05:00,222.3653552641664,225.8215594779752,220.9469176537884,222.4752349853516,54561100,0.0,0.0,-0.0032669021751203786,229.74323577880858,226.60708709716798,0.010369881580624478,-0.0032669021751203786,-0.1403788629024559
2024-11-07 00:00:00-05:00,224.38313701629485,227.629565273657,224.32320539488208,227.22999572753903,42137700,0.0,0.0,0.021372089987905962,229.66532135009766,226.626865234375,0.01155310376139281,0.021372089987905962,-0.024079604203350095
2024-11-08 00:00:00-05:00,227.1699981689453,228.66000366210935,226.41000366210935,226.9600067138672,38328800,0.25,0.0,-0.0011881750594036067,229.6483253479004,226.57531616210937,0.011463090316596442,-0.0011881750594036067,-0.0010759143759148189
2024-11-11 00:00:00-05:00,225.0,225.6999969482422,221.5,224.22999572753903,42005600,0.0,0.0,-0.0120285993371948,229.30753479003906,226.48494934082032,0.011070126956337696,-0.0120285993371948,-0.12987730766483374
2024-11-12 00:00:00-05:00,224.5500030517578,225.58999633789065,223.3600006103516,224.22999572753903,40398300,0.0,0.0,0.0,228.83938446044922,226.51904571533203,0.010684679903345942,0.0,-0.1861534456332852
2024-11-13 00:00:00-05:00,224.00999450683597,226.6499938964844,222.75999450683597,225.1199951171875,48566200,0.0,0.0,0.003969136184303723,228.5191207885742,226.60929962158204,0.010635755523597279,0.003969136184303723,-0.12673663925892828
2024-11-14 00:00:00-05:00,225.0200042724609,228.8699951171875,225.0,228.22000122070312,44923900,0.0,0.0,0.013770460957508002,228.33537750244142,226.73098754882812,0.011149116810436698,0.013770460957508002,-0.06630435659366561
2024-11-15 00:00:00-05:00,226.3999938964844,226.9199981689453,224.2700042724609,225.0,47923700,0.0,0.0,-0.014109198157391867,227.848291015625,226.81944091796876,0.011088849153632563,-0.014109198157391867,-0.18563884070220577
2024-11-18 00:00:00-05:00,225.25,229.7400054931641,225.1699981689453,228.0200042724609,44686000,0.0,0.0,0.013422241210937269,227.43828582763672,226.96649658203125,0.01147898643929914,0.013422241210937269,-0.14829738670097184
2024-11-19 00:00:00-05:00,226.97999572753903,230.16000366210935,226.66000366210935,228.27999877929688,36211800,0.0,0.0,0.0011402267431119828,227.0722457885742,227.13473449707033,0.011493939943503005,0.0011402267431119828,-0.1317394382734715
2024-11-20 00:00:00-05:00,228.05999755859372,229.92999267578125,225.88999938964844,229.0,35169600,0.0,0.0,0.0031540267415159917,226.99692611694337,227.26642852783203,0.01050522261554716,0.0031540267415159917,-0.02621093661598522
2024-11-21 00:00:00-05:00,228.8800048828125,230.16000366210935,225.7100067138672,228.5200042724609,42108300,0.0,0.0,-0.002096051211961103,226.90709533691407,227.38632507324218,0.010512569059198246,-0.002096051211961103,-0.0322461420655534
2024-11-22 00:00:00-05:00,228.05999755859372,230.72000122070312,228.05999755859372,229.8699951171875,38168300,0.0,0.0,0.005907539031537068,226.8428108215332,227.53861541748046,0.010569752739272364,0.005907539031537068,-0.021359784689329878
2024-11-25 00:00:00-05:00,231.4600067138672,233.25,229.7400054931641,232.8699951171875,90152800,0.0,0.0,0.013050855108212911,226.8291358947754,227.8743698120117,0.010809517113050513,0.013050855108212911,-0.00029572305680916644
2024-11-26 00:00:00-05:00,233.3300018310547,235.57000732421875,233.3300018310547,235.05999755859372,45986200,0.0,0.0,0.009404399395912533,226.9114761352539,228.24453491210937,0.011011533853558422,0.009404399395912533,0.03715954833369669
2024-11-27 00:00:00-05:00,234.47000122070312,235.69000244140625,233.80999755859372,234.92999267578125,33498400,0.0,0.0,-0.000553071063399746,227.16561965942384,228.53418548583986,0.01038172226304354,-0.000553071063399746,0.11033107721050044
2024-11-29 00:00:00-05:00,234.80999755859372,237.80999755859372,233.97000122070312,237.3300018310547,28481400,0.0,0.0,0.01021584825308186,227.7490333557129,228.7084161376953,0.009500923984031214,0.01021584825308186,0.2701518841677186
2024-12-02 00:00:00-05:00,237.2700042724609,240.7899932861328,237.16000366210935,239.58999633789065,48137100,0.0,0.0,0.009522582435425697,228.59528198242188,228.9412319946289,0.008844757649756577,0.009522582435425697,0.41909606242496555
2024-12-03 00:00:00-05:00,239.80999755859372,242.75999450683597,238.8999938964844,242.6499938964844,38861000,0.0,0.0,0.01277180852859261,229.63948135375978,229.2698095703125,0.008868741401730698,0.01277180852859261,0.5127300440823092
2024-12-04 00:00:00-05:00,242.8699951171875,244.1100006103516,241.25,243.00999450683597,44383900,0.0,0.0,0.0014836209330593153,230.62975997924804,229.58760711669922,0.00888171444131403,0.0014836209330593153,0.4838189691556802
2024-12-05 00:00:00-05:00,243.9900054931641,244.5399932861328,242.1300048828125,243.0399932861328,40033900,0.0,0.0,0.00012344668933361724,231.65799789428712,229.9259826660156,0.008761285721622296,0.00012344668933361724,0.5098177950675595
2024-12-06 00:00:00-05:00,242.91000366210935,244.6300048828125,242.0800018310547,242.83999633789065,36870600,0.0,0.0,-0.0008228972752097885,232.4384979248047,230.23738342285156,0.007867312035128702,-0.0008228972752097885,0.42669084312526157
2024-12-09 00:00:00-05:00,241.8300018310547,247.2400054931641,241.75,246.75,44649200,0.0,0.0,0.016101151873964437,233.42799758911133,230.62159027099608,0.008280634465175874,0.016101151873964437,0.5097889986353029
2024-12-10 00:00:00-05:00,246.88999938964844,248.2100067138672,245.33999633789065,247.7700042724609,36914800,0.0,0.0,0.004133755916761572,234.60499801635743,230.92211151123047,0.007347373740763078,0.004133755916761572,0.6845295056737449
2024-12-11 00:00:00-05:00,247.9600067138672,250.8000030517578,246.25999450683597,246.4900054931641,45205800,0.0,0.0,-0.005166076430661359,235.71799850463867,231.33268341064453,0.007619274545017143,-0.005166076430661359,0.6262000752226473
2024-12-12 00:00:00-05:00,246.88999938964844,248.7400054931641,245.67999267578125,247.9600067138672,32777500,0.0,0.0,0.005963735599591624,236.85999908447266,231.7612680053711,0.007621277346410464,0.005963735599591624,0.6391212447202542
2024-12-13 00:00:00-05:00,247.82000732421875,249.2899932861328,246.2400054931641,248.1300048828125,33155300,0.0,0.0,0.0006855870476785153,237.85549926757812,232.21542846679688,0.007374736365463151,0.0006855870476785153,0.5717731942597842
2024-12-16 00:00:00-05:00,247.9900054931641,251.3800048828125,247.6499938964844,251.0399932861328,51694800,0.0,0.0,0.011727676403724852,239.15749893188476,232.70521331787108,0.006158213268057413,0.011727676403724852,0.8944997610156064
2024-12-17 00:00:00-05:00,250.0800018310547,253.8300018310547,249.77999877929688,253.47999572753903,51356400,0.0,0.0,0.009719576588042456,240.43049850463868,233.34588592529298,0.005960257644363126,0.009719576588042456,0.8931471394446027
2024-12-18 00:00:00-05:00,252.16000366210935,254.27999877929688,247.7400054931641,248.0500030517578,56774100,0.0,0.0,-0.021421779893107673,241.41899871826172,233.7964483642578,0.00842090653558826,-0.021421779893107673,0.49819894281865446
2024-12-19 00:00:00-05:00,247.5,252.0,247.08999633789065,249.7899932861328,60882300,0.0,0.0,0.007014675319362729,242.45849838256837,234.20649353027343,0.008440008636798538,0.007014675319362729,0.5199424966657004
2024-12-20 00:00:00-05:00,248.0399932861328,255.0,245.69000244140625,254.4900054931641,147495300,0.0,0.0,0.018815854651340835,243.75699844360352,234.72052795410156,0.008878366672875077,0.018815854651340835,0.6120398780401509
2024-12-23 00:00:00-05:00,254.7700042724609,255.6499938964844,253.4499969482422,255.2700042724609,40858800,0.0,0.0,0.0030649485734628445,245.0269989013672,235.27992950439454,0.008893126156487657,0.0030649485734628445,0.5950421527415376
2024-12-24 00:00:00-05:00,255.4900054931641,258.2099914550781,255.2899932861328,258.20001220703125,23234700,0.0,0.0,0.011478073747525075,246.2934997558594,235.82301361083984,0.008827616597690357,0.011478073747525075,0.5905496468988083
2024-12-26 00:00:00-05:00,258.19000244140625,260.1000061035156,257.6300048828125,259.0199890136719,27237100,0.0,0.0,0.003175742710589624,247.4914993286133,236.33155334472656,0.008781721682189013,0.003175742710589624,0.5581722135876331
2024-12-27 00:00:00-05:00,257.8299865722656,258.70001220703125,253.05999755859372,255.58999633789065,42355300,0.0,0.0,-0.013242192962953814,248.52449951171874,236.81284790039064,0.00961536610908541,-0.013242192962953814,0.4437955754433715
2024-12-30 00:00:00-05:00,252.22999572753903,253.5,250.75,252.1999969482422,35557500,0.0,0.0,-0.013263427513676596,249.26799926757812,237.2189505004883,0.010262413232888429,-0.013263427513676596,0.30141966386903124
2024-12-31 00:00:00-05:00,252.44000244140625,253.27999877929688,249.42999267578125,250.4199981689453,39480700,0.0,0.0,-0.007057885808230857,249.80949935913085,237.53251586914064,0.01038468117484732,-0.007057885808230857,0.2180394079351975
2025-01-02 00:00:00-05:00,248.92999267578125,249.1000061035156,241.82000732421875,243.8500061035156,55740700,0.0,0.0,-0.02623589215505573,249.86949996948243,237.6851138305664,0.011864944561689756,-0.02623589215505573,0.02645479708270814
2025-01-03 00:00:00-05:00,243.3600006103516,244.17999267578125,241.88999938964844,243.3600006103516,40244100,0.0,0.0,-0.0020094545044054835,249.8870002746582,237.8402978515625,0.011872526496952819,-0.0020094545044054835,0.011727152509584105
2025-01-06 00:00:00-05:00,244.30999755859372,247.3300018310547,243.1999969482422,245.0,45045600,0.0,0.0,0.006738984983297502,249.98500061035156,238.13016998291016,0.011963868983618111,0.006738984983297502,0.03928560603978619
2025-01-07 00:00:00-05:00,242.97999572753903,245.5500030517578,241.3500061035156,242.2100067138672,40856000,0.0,0.0,-0.011387727698501271,249.9535011291504,238.36803771972657,0.012253683799561267,-0.011387727698501271,-0.00475234048104137
2025-01-08 00:00:00-05:00,241.9199981689453,243.7100067138672,240.0500030517578,242.6999969482422,37628900,0.0,0.0,0.0020229974847978394,249.7510009765625,238.5989239501953,0.011666864068650503,0.0020229974847978394,-0.0653253001437448
2025-01-10 00:00:00-05:00,240.00999450683597,240.16000366210935,233.0,236.8500061035156,61710900,0.0,0.0,-0.02410379447171629,249.20500106811522,238.67305419921874,0.012705559541286267,-0.02410379447171629,-0.17110768788894035
2025-01-13 00:00:00-05:00,233.52999877929688,234.6699981689453,229.72000122070312,234.3999938964844,49630700,0.0,0.0,-0.010344150913639494,248.60050048828126,238.69279022216796,0.012821962342222121,-0.010344150913639494,-0.18974651271452928
2025-01-14 00:00:00-05:00,234.75,236.1199951171875,232.47000122070312,233.27999877929688,39387100,0.0,0.0,-0.004778136289893209,247.86650009155272,238.76144775390625,0.012675875168946896,-0.004778136289893209,-0.23430462950154268
