Date,Open,High,Low,Close,Volume,Dividends,Stock Splits,Daily Return,Volatility,ROI,Sharpe Ratio,ticker
2024-01-29 00:00:00-05:00,191.07392183626405,191.2629979920715,188.65577567784425,190.7952880859375,47145600,0.0,0.0,-0.01924590289796191,7.890972268414522e-05,-0.01924590289796191,-244.60484514985595,AAPL
2024-01-30 00:00:00-05:00,190.00913152540437,190.86493945980703,186.55604725857967,187.12326049804688,55859400,0.0,0.0,-0.01924590289796191,7.890972268414522e-05,-0.01924590289796191,-244.60484514985595,AAPL
2024-01-31 00:00:00-05:00,186.12815142243116,186.18787167030365,183.45127824224116,183.5010223388672,55467800,0.0,0.0,-0.019357498097984926,7.890972268414522e-05,-0.019357498097984926,-244.60484514985595,AAPL
2024-02-01 00:00:00-05:00,183.0930320985484,186.038593239456,182.9238626911125,185.94903564453125,64885400,0.0,0.0,0.013340597640613572,0.018846122217270594,0.013340597640613572,-0.4468258432528261,AAPL
2024-02-02 00:00:00-05:00,178.9831513103476,186.41673495449575,178.3761245608121,184.94395446777344,102518000,0.0,0.0,-0.005405143260216572,0.01546149941672243,-0.005405143260216572,-0.4958760109381893,AAPL
2024-02-05 00:00:00-05:00,187.2327398148707,188.3273832549743,184.9340037750539,186.76502990722656,69668800,0.0,0.0,0.009846634050265424,0.015512538644392396,0.009846634050265424,-0.2684449404780187,AAPL
2024-02-06 00:00:00-05:00,185.9490291787125,188.38708201253655,185.8594715869018,188.37713623046875,43490800,0.0,0.0,0.00863173541665141,0.014825676308054116,0.00863173541665141,-0.13703227759904346,AAPL
2024-02-07 00:00:00-05:00,189.71060210551596,190.118606941087,187.69049986083044,188.48660278320312,53439000,0.0,0.0,0.0005811031791058685,0.013569907987982409,0.0005811031791058685,-0.1222081554043557,AAPL
2024-02-08 00:00:00-05:00,188.46669218310572,188.6159548348253,186.4366441977198,187.40191650390625,40962000,0.0,0.0,-0.005754712872322654,0.012646496168905091,-0.005754712872322654,-0.17162052842492043,AAPL
2024-02-09 00:00:00-05:00,187.9698373326966,189.30501766665415,187.32218691688763,188.16912841796875,45155200,0.24,0.0,0.0040939384632521225,0.0120125911045577,0.0040939384632521225,-0.12273463053245093,AAPL
2024-02-12 00:00:00-05:00,187.7406910525987,187.9897897322466,186.1165627960856,186.4752655029297,41781900,0.0,0.0,-0.009001810920208908,0.011573029054031106,-0.009001810920208908,-0.19243932763695204,AAPL
2024-02-13 00:00:00-05:00,185.1002428282,185.53865891732192,182.84838113476025,184.37286376953125,56529500,0.0,0.0,-0.011274426813273064,0.01131294724830804,-0.011274426813273064,-0.2695663278204351,AAPL
2024-02-14 00:00:00-05:00,184.6518638454696,184.8610982078661,181.78224238811129,183.4860687255859,54630500,0.0,0.0,-0.00480979155942296,0.010798433693826201,-0.00480979155942296,-0.2959941441432651,AAPL
2024-02-15 00:00:00-05:00,182.88824837462903,183.82486181575325,180.69618309757163,183.19712829589844,65434500,0.0,0.0,-0.0015747267991206293,0.010348490319326494,-0.0015747267991206293,-0.29681032794670087,AAPL
2024-02-16 00:00:00-05:00,182.75869330174024,184.18354546694673,181.0150027746939,181.65269470214844,49701400,0.0,0.0,-0.008430446525643398,0.010045135204616633,-0.008430446525643398,-0.34387968483661546,AAPL
2024-02-20 00:00:00-05:00,181.134577279735,181.77226924950585,179.3510375405212,180.90541076660156,53665600,0.0,0.0,-0.0041138059458583065,0.009681232086987568,-0.0041138059458583065,-0.36134696128643223,AAPL
2024-02-21 00:00:00-05:00,181.28405435734408,182.23062628266825,180.00867035619171,181.6626892089844,41529700,0.0,0.0,0.004186046393934939,0.009548214277812673,0.004186046393934939,-0.3160814233374377,AAPL
2024-02-22 00:00:00-05:00,182.81850104532415,184.29317619439553,181.8021893660984,183.70529174804688,52292200,0.0,0.0,0.011243929878813175,0.009870929775618527,0.011243929878813175,-0.22075684692592293,AAPL
2024-02-23 00:00:00-05:00,184.3429666556088,184.37285727847149,181.57299077597804,181.86195373535156,45119700,0.0,0.0,-0.010034212924162622,0.009753549296423811,-0.010034212924162622,-0.26815590784646187,AAPL
2024-02-26 00:00:00-05:00,181.5829591995408,182.10107345002203,179.99868021477354,180.50685119628903,40867400,0.0,0.0,-0.0074512701047657615,0.009543448782533426,-0.0074512701047657615,-0.3007285551027834,AAPL
2024-02-27 00:00:00-05:00,180.4470750372319,183.25690001064535,178.9126187804792,181.9715576171875,54318900,0.0,0.0,0.008114409016562352,0.009608158769270759,0.008114409016562352,-0.24154135977743468,AAPL
2024-02-28 00:00:00-05:00,181.85199678307723,182.45979817680953,179.48058766314844,180.76593017578125,48953900,0.0,0.0,-0.0066253619916939455,0.008820201133115506,-0.0066253619916939455,-0.19157620821475388,AAPL
2024-02-29 00:00:00-05:00,180.61647239906964,181.91178855608587,178.88274013933005,180.0983428955078,136682600,0.0,0.0,-0.0036931034494401827,0.0078059294602799085,-0.0036931034494401827,-0.11613235309892239,AAPL
2024-03-01 00:00:00-05:00,178.9026640457765,179.87912655443867,176.74048946042234,179.01226806640625,73488000,0.0,0.0,-0.006030454315349765,0.007116439759258983,-0.006030454315349765,-0.2634847785657249,AAPL
2024-03-04 00:00:00-05:00,175.5149217629811,176.26221779411006,173.1634296435442,174.46871948242188,81510100,0.0,0.0,-0.025381213438952166,0.008832820474800971,-0.025381213438952166,-0.3253634636048923,AAPL
2024-03-05 00:00:00-05:00,170.14434479927544,171.4197287337638,169.00845550750375,169.50665283203125,95132400,0.0,0.0,-0.028441010314691817,0.010002434828399345,-0.028441010314691817,-0.4787093706158707,AAPL
2024-03-06 00:00:00-05:00,170.44326190896186,170.6226208472031,168.0718378391885,168.51025390625,68587700,0.0,0.0,-0.005878229020123582,0.009490965705318155,-0.005878229020123582,-0.5809479956374191,AAPL
2024-03-07 00:00:00-05:00,168.5401391424349,170.1144444221278,167.88253026663398,168.39068603515625,71765100,0.0,0.0,-0.0007095584293658197,0.009451649485688494,-0.0007095584293658197,-0.5901922825257316,AAPL
2024-03-08 00:00:00-05:00,168.39069767067738,173.0737495355564,168.33091642363513,170.1144561767578,76114600,0.0,0.0,0.010236730915400338,0.010090739236586184,0.010236730915400338,-0.47357465911706553,AAPL
2024-03-11 00:00:00-04:00,172.31649942978052,173.75131021022753,171.42970876738983,172.12718200683594,60139500,0.0,0.0,0.011831597827210993,0.01058504989700207,0.011831597827210993,-0.4149092794783542,AAPL
2024-03-12 00:00:00-04:00,172.52572483722955,173.40255698056936,170.39344092810595,172.60543823242188,59825400,0.0,0.0,0.0027785049404163153,0.010642628929137251,0.0027785049404163153,-0.35731957379111334,AAPL
2024-03-13 00:00:00-04:00,172.14711771653415,172.56560166885345,170.14435462584885,170.51303100585938,52488700,0.0,0.0,-0.012122487263379056,0.010675602917129443,-0.012122487263379056,-0.3601878681073626,AAPL
2024-03-14 00:00:00-04:00,172.286609864896,173.68155635236576,171.4297098215142,172.37628173828125,72913500,0.0,0.0,0.010927321633018572,0.011169310138061567,0.010927321633018572,-0.27381879078077936,AAPL
2024-03-15 00:00:00-04:00,170.55286572568298,171.9976348876953,169.67603359258842,171.9976348876953,121664700,0.0,0.0,-0.002196629645143666,0.011165827461535056,-0.002196629645143666,-0.276689045106912,AAPL
2024-03-18 00:00:00-04:00,174.93702524630143,177.06930930187292,172.89441306506424,173.09368896484375,75604200,0.0,0.0,0.006372495051249372,0.011283160533278849,0.006372495051249372,-0.20821427226767716,AAPL
2024-03-19 00:00:00-04:00,173.7114429731932,175.9732631292534,172.40616838919215,175.44517517089844,55215200,0.0,0.0,0.013585048768197883,0.011818835480894395,0.013585048768197883,-0.12390157439626237,AAPL
2024-03-20 00:00:00-04:00,175.08647190626633,178.0258331298828,174.45873840154812,178.0258331298828,53423100,0.0,0.0,0.014709198793700695,0.01230774874567425,0.014709198793700695,-0.07622959511215929,AAPL
2024-03-21 00:00:00-04:00,176.41166541450514,176.85008146724155,170.2240483134294,170.75213623046875,106181300,0.0,0.0,-0.040857536075156964,0.014845790363734105,-0.040857536075156964,-0.23867291094040557,AAPL
2024-03-22 00:00:00-04:00,171.14074502028382,172.42610267352754,169.44687710249696,171.65887451171875,71106600,0.0,0.0,0.005310260247790799,0.014889121614107692,0.005310260247790799,-0.1864491683710477,AAPL
2024-03-25 00:00:00-04:00,169.9550500090239,171.32010587263267,168.83907761478048,170.23403930664062,54288300,0.0,0.0,-0.008300387667873554,0.014904357285187034,-0.008300387667873554,-0.18910712934145757,AAPL
2024-03-26 00:00:00-04:00,169.38709229314748,170.80197088667242,168.96860836017046,169.09814453125,57388400,0.0,0.0,-0.00667254786420568,0.01469881724257275,-0.00667254786420568,-0.24205131652462292,AAPL
2024-03-27 00:00:00-04:00,169.79562681694486,172.97412838637234,169.4967053620682,172.68516540527344,60273300,0.0,0.0,0.02121265661410332,0.015678464862031165,0.02121265661410332,-0.13814918448266336,AAPL
2024-03-28 00:00:00-04:00,171.1307861915964,171.60905138066403,169.8952513157474,170.86175537109375,65672700,0.0,0.0,-0.010559158511967981,0.01578844902341666,-0.010559158511967981,-0.1589307400641102,AAPL
2024-04-01 00:00:00-04:00,170.5727983430009,170.63257958791667,168.86895684402387,169.41697692871094,46240500,0.0,0.0,-0.008455832841263389,0.015826187619646354,-0.008455832841263389,-0.16621430740441018,AAPL
2024-04-02 00:00:00-04:00,168.47041766713258,168.72947481572177,167.62347609078947,168.2312774658203,49329500,0.0,0.0,-0.006998705114361403,0.014944613405921623,-0.006998705114361403,-0.11451707390062725,AAPL
2024-04-03 00:00:00-04:00,168.1814453345995,170.0646306043195,167.97221097339488,169.03834533691406,47691700,0.0,0.0,0.004797371114641402,0.013603678588578947,0.004797371114641402,-0.003638304597781628,AAPL
2024-04-04 00:00:00-04:00,169.676035612487,171.30016373186453,168.2113494873047,168.2113494873047,53704400,0.0,0.0,-0.004892356512133822,0.013583217044875771,-0.004892356512133822,-1.4775657005199726e-05,AAPL
2024-04-05 00:00:00-04:00,168.97857114439864,169.77568993392828,168.3408791535302,168.96861267089844,42055200,0.0,0.0,0.004501855468741045,0.013618832356053016,0.004501855468741045,0.019118378664345417,AAPL
2024-04-08 00:00:00-04:00,168.42059262733576,168.58997789957206,167.6334475147346,167.84268188476562,37425500,0.0,0.0,-0.006663549924066703,0.013490954504245182,-0.006663549924066703,-0.043336003233879546,AAPL
2024-04-09 00:00:00-04:00,168.09178448948546,169.46681405411152,167.7430554633485,169.05828857421875,42451200,0.0,0.0,0.007242536140406264,0.013306428854457817,0.007242536140406264,-0.06118073761703502,AAPL
2024-04-10 00:00:00-04:00,168.1914367648804,168.48038455258805,166.5075272055357,167.17510986328125,49709300,0.0,0.0,-0.011139227344719949,0.01347156125240153,-0.011139227344719949,-0.11208676695523771,AAPL
2024-04-11 00:00:00-04:00,167.73307888899373,174.8274194382653,167.55373514215378,174.40892028808594,91070300,0.0,0.0,0.04327085790893537,0.016523434240631168,0.04327085790893537,0.07623618030306407,AAPL
2024-04-12 00:00:00-04:00,173.63173034934167,177.71695459263955,173.58192277868224,175.91348266601562,101593300,0.0,0.0,0.008626636616088534,0.016460475494516957,0.008626636616088534,0.06953925854264449,AAPL
2024-04-15 00:00:00-04:00,174.7277545222084,175.9931798985106,171.8780654093003,172.0673828125,73531800,0.0,0.0,-0.021863587686554498,0.017239601255292447,-0.021863587686554498,0.009356443730275865,AAPL
2024-04-16 00:00:00-04:00,171.13079884415893,173.13354682452112,167.6633493604441,168.76934814453125,73711200,0.0,0.0,-0.01916711124479986,0.017695179554128842,-0.01916711124479986,-0.06304988046671738,AAPL
2024-04-17 00:00:00-04:00,168.99849837401,170.0347421275801,167.39430236816406,167.39430236816406,50901200,0.0,0.0,-0.008147485260117437,0.01740990033244744,-0.008147485260117437,-0.1264973156127825,AAPL
2024-04-18 00:00:00-04:00,167.4241802492927,168.0319815519269,165.94952052629202,166.437744140625,43122900,0.0,0.0,-0.005714401350621956,0.016958878474828302,-0.005714401350621956,-0.19007658254886217,AAPL
2024-04-19 00:00:00-04:00,165.610765092168,165.80006730864108,163.48843957599198,164.40512084960938,67772100,0.0,0.0,-0.012212514063506208,0.014668120893340818,-0.012212514063506208,-0.12211752117392817,AAPL
2024-04-22 00:00:00-04:00,164.92325754431266,166.65697461863107,164.17596150778874,165.24209594726562,48116400,0.0,0.0,0.005090930825821793,0.01466261304871907,0.005090930825821793,-0.12291131388959191,AAPL
2024-04-23 00:00:00-04:00,164.75386398167788,166.44773187185876,164.32540636965405,166.2982635498047,49537800,0.0,0.0,0.006391637654342697,0.01468793272949459,0.006391637654342697,-0.0726855023388073,AAPL
2024-04-24 00:00:00-04:00,165.93957460997115,168.68963384433354,165.61077772251917,168.41064453125,48251800,0.0,0.0,0.012702363430347363,0.014935649816578252,0.012702363430347363,-0.006618674463333024,AAPL
2024-04-25 00:00:00-04:00,168.91879363485126,169.9949017439694,167.54376407257087,169.27749633789062,50558300,0.0,0.0,0.005147250692219663,0.014139968237299218,0.005147250692219663,-0.06379961291205578,AAPL
2024-04-26 00:00:00-04:00,169.26753170576032,170.72225941243215,168.57004327249933,168.6896209716797,44838400,0.0,0.0,-0.003472850077115397,0.013973047117122986,-0.003472850077115397,-0.03920469699944855,AAPL
2024-04-29 00:00:00-04:00,172.74492977704497,175.39534310552878,172.47591417733986,172.8744659423828,68169400,0.0,0.0,0.0248079576360285,0.014929181856183806,0.0248079576360285,0.07471142465966873,AAPL
2024-04-30 00:00:00-04:00,172.7050959791447,174.3591148377481,169.38709978825105,169.71591186523438,65934800,0.0,0.0,-0.018270795862942224,0.015455132673069983,-0.018270795862942224,0.0357017904486306,AAPL
2024-05-01 00:00:00-04:00,168.96861026347364,172.08733045132695,168.50030355143892,168.6896209716797,50383100,0.0,0.0,-0.0060471106231313465,0.015488538170440809,-0.0060471106231313465,0.0006167025613379345,AAPL
2024-05-02 00:00:00-04:00,171.8880442050533,172.7947670308616,170.27388965643632,172.4061737060547,94214900,0.0,0.0,0.022031899253593945,0.016194071010853385,0.022031899253593945,0.08371981378486214,AAPL
2024-05-03 00:00:00-04:00,185.9770408577792,186.32578503963057,182.0014362443012,182.7188415527344,163224100,0.0,0.0,0.05981611693478217,0.020821853793319797,0.05981611693478217,0.19793999725768008,AAPL
2024-05-06 00:00:00-04:00,181.6925778578994,183.5358989126904,179.76952819965473,181.0548858642578,78569700,0.0,0.0,-0.009106645348319842,0.020895492204754357,-0.009106645348319842,0.19139644437889392,AAPL
2024-05-07 00:00:00-04:00,182.78860333233249,184.23337259597065,180.66629297548113,181.7423858642578,77305800,0.0,0.0,0.0037971910932879105,0.020881544609383008,0.0037971910932879105,0.1832745484479771,AAPL
2024-05-08 00:00:00-04:00,182.1907655172807,182.40997355379537,180.79580390275353,182.08116149902344,45057100,0.0,0.0,0.001864043069285115,0.02059145037145482,0.001864043069285115,0.21743097737728184,AAPL
2024-05-09 00:00:00-04:00,181.90182360877463,183.99425867082297,181.4534490108435,183.9045867919922,48983000,0.0,0.0,0.01001435446674992,0.018533841664267133,0.01001435446674992,0.15185162681075645,AAPL
2024-05-10 00:00:00-04:00,184.48325715706596,184.67283136158457,181.7195112814573,182.6374359130859,50759500,0.25,0.0,-0.006890262505195199,0.018602379496728938,-0.006890262505195199,0.10958539213041085,AAPL
2024-05-13 00:00:00-04:00,185.0220348889267,186.67829703001243,184.2038757983674,185.86013793945312,72044800,0.0,0.0,0.01764535299269565,0.01801919196854189,0.01764535299269565,0.22276226884523698,AAPL
2024-05-14 00:00:00-04:00,187.0873746193062,187.87560260141976,185.87012310151908,187.0075531005859,52393600,0.0,0.0,0.00617354088861477,0.01717453250562088,0.00617354088861477,0.3074918453013274,AAPL
2024-05-15 00:00:00-04:00,187.48648604697289,190.2203008031565,186.9476945906926,189.2924041748047,70400000,0.0,0.0,0.012217961447738013,0.016938565848455725,0.012217961447738013,0.37189104934217726,AAPL
2024-05-16 00:00:00-04:00,190.04070957734743,190.66929452090585,189.23253763528552,189.41212463378903,52845200,0.0,0.0,0.0006324630906677786,0.01676015814522235,0.0006324630906677786,0.3947841179341374,AAPL
2024-05-17 00:00:00-04:00,189.08285791419516,190.3799308889647,188.7535998742954,189.44204711914065,41282900,0.0,0.0,0.0001579755541492034,0.01624917952239281,0.0001579755541492034,0.445263634432146,AAPL
2024-05-20 00:00:00-04:00,188.90328335886423,191.48744227389747,188.58399727816297,190.6094207763672,44361300,0.0,0.0,0.006162167665409335,0.016243504070928526,0.006162167665409335,0.4487166402540727,AAPL
2024-05-21 00:00:00-04:00,190.65930352654095,192.295606563888,190.48968851208156,191.91647338867188,42309400,0.0,0.0,0.006857229862936354,0.016242484324978577,0.006857229862936354,0.45017806616228506,AAPL
2024-05-22 00:00:00-04:00,191.83664908760775,192.38541249371693,189.84115686495448,190.4697265625,34648500,0.0,0.0,-0.007538419191571499,0.016517203988442388,-0.007538419191571499,0.3814187350596645,AAPL
2024-05-23 00:00:00-04:00,190.54955125962863,190.5695104450197,186.2093647375351,186.45880126953125,51005900,0.0,0.0,-0.02105807240528912,0.017616290836625664,-0.02105807240528912,0.28324378516416804,AAPL
2024-05-24 00:00:00-04:00,188.3944296603675,190.15045735054443,187.6161736804281,189.5518035888672,36294600,0.0,0.0,0.016588127233881034,0.01768009105931451,0.016588127233881034,0.3389549150263751,AAPL
2024-05-28 00:00:00-04:00,191.07834591388357,192.56499305086223,188.6737894364844,189.5617828369141,52280100,0.0,0.0,5.2646547582080316e-05,0.017152195629014558,5.2646547582080316e-05,0.2772232961360755,AAPL
2024-05-29 00:00:00-04:00,189.18265440509,191.81670371975596,189.0828736970108,189.86111450195312,53068000,0.0,0.0,0.0015790717968535706,0.016302982183891396,0.0015790717968535706,0.3525417329422679,AAPL
2024-05-30 00:00:00-04:00,190.33005195445256,191.74684967437963,190.2003553062749,190.85885620117188,49947900,0.0,0.0,0.005255113464576633,0.0160668018975379,0.005255113464576633,0.3928966595765858,AAPL
2024-05-31 00:00:00-04:00,191.00850903182757,192.13596695656705,189.48195877103,191.81668090820312,75158300,0.0,0.0,0.005018497575096426,0.015635327132332923,0.005018497575096426,0.34933216717938603,AAPL
2024-06-03 00:00:00-04:00,192.46522387732944,194.55052487571635,192.08609069758455,193.5926818847656,50080500,0.0,0.0,0.009258845310812225,0.009110554729329397,0.009258845310812225,0.32205054660968885,AAPL
2024-06-04 00:00:00-04:00,194.20129645164835,194.87977170290745,192.59492465346364,193.91195678710935,47471400,0.0,0.0,0.0016492095632716364,0.00866915219361834,0.0016492095632716364,0.40048343811905174,AAPL
2024-06-05 00:00:00-04:00,194.95958593724887,196.45620511862305,194.43078171111517,195.42852783203125,54156800,0.0,0.0,0.007820925898792908,0.008723618492725385,0.007820925898792908,0.42104530584593813,AAPL
2024-06-06 00:00:00-04:00,195.24895132280375,196.0571232882409,193.73237287474004,194.0416717529297,41181800,0.0,0.0,-0.00709648736797297,0.009045570425926984,-0.00709648736797297,0.35652943293064243,AAPL
2024-06-07 00:00:00-04:00,194.2112712938544,196.4961183769711,193.7024262662087,196.44622802734375,53103900,0.0,0.0,0.012391958143278314,0.009154462881507843,0.012391958143278314,0.36527454658984654,AAPL
2024-06-10 00:00:00-04:00,196.45620195884163,196.85530953542744,191.7169079607164,192.68472290039065,97262100,0.0,0.0,-0.019147759489836158,0.010223563561024199,-0.019147759489836158,0.2671296962925827,AAPL
2024-06-11 00:00:00-04:00,193.21353266624035,206.6930926736998,193.1935887051364,206.68310546875,172373300,0.0,0.0,0.07264915639210212,0.018497142904794747,0.07264915639210212,0.2963272559046845,AAPL
2024-06-12 00:00:00-04:00,206.902617394007,219.7037025197263,206.4336754784377,212.58978271484375,198134300,0.0,0.0,0.028578423150250387,0.019206145837293378,0.028578423150250387,0.34371558812794695,AAPL
2024-06-13 00:00:00-04:00,214.25601418934664,216.2614784743462,211.12309188063193,213.75714111328125,97862700,0.0,0.0,0.005491131245960901,0.01916146055064364,0.005491131245960901,0.3269641260116318,AAPL
2024-06-14 00:00:00-04:00,213.36801320894725,214.6850301666927,210.8237575657328,212.01107788085935,70122700,0.0,0.0,-0.008168443979593487,0.01939722960795886,-0.008168443979593487,0.3003039591872655,AAPL
2024-06-17 00:00:00-04:00,212.8890905531968,218.45651588142053,212.2405616472853,216.18165588378903,93728300,0.0,0.0,0.01967150983154453,0.01958700838151182,0.01967150983154453,0.34720675204404783,AAPL
2024-06-18 00:00:00-04:00,217.09957203800775,218.1372365162395,212.5199210550432,213.8070068359375,79943300,0.0,0.0,-0.010984507626900841,0.01998759343855666,-0.010984507626900841,0.29735484744870494,AAPL
2024-06-20 00:00:00-04:00,213.44781843702847,213.75713252024897,208.3792815854295,209.2073974609375,86172500,0.0,0.0,-0.021512902888769503,0.020904978810105484,-0.021512902888769503,0.21645088480147698,AAPL
2024-06-21 00:00:00-04:00,209.91581187096148,211.4124310958291,206.64320571720273,207.02235412597656,246421400,0.0,0.0,-0.01044438849428797,0.02100310546454265,-0.01044438849428797,0.2085216732573791,AAPL
2024-06-24 00:00:00-04:00,207.2518316223831,212.22060318958276,206.1243736003879,207.67088317871097,80727000,0.0,0.0,0.0031326522948327273,0.02013990325154832,0.0031326522948327273,0.2775156792098316,AAPL
2024-06-25 00:00:00-04:00,208.67859169129048,210.9035764661568,208.13981549353107,208.59878540039065,56713900,0.0,0.0,0.004468138274739131,0.019973182742968516,0.004468138274739131,0.24949150800069303,AAPL
2024-06-26 00:00:00-04:00,211.0233076661301,214.3757352905112,210.16524538059215,212.7693634033203,66213200,0.0,0.0,0.01999329955313267,0.020210401453683424,0.01999329955313267,0.2958957616996892,AAPL
2024-06-27 00:00:00-04:00,214.2061287476001,215.2537652762344,211.8714063519454,213.61746215820312,49772700,0.0,0.0,0.003986000340073348,0.020189970912083938,0.003986000340073348,0.30215588651016423,AAPL
2024-06-28 00:00:00-04:00,215.28368048569337,215.5830073608868,209.8260080950157,210.1452789306641,82542700,0.0,0.0,-0.016254210645792466,0.02080099977363269,-0.016254210645792466,0.2415774438114481,AAPL
2024-07-01 00:00:00-04:00,211.61197396968475,217.01975619065925,211.4423589537816,216.261474609375,60402900,0.0,0.0,0.0291046066313434,0.021486554055998832,0.0291046066313434,0.2899188855790429,AAPL
2024-07-02 00:00:00-04:00,215.66281990345283,219.88329699479613,214.61519864650157,219.77354431152344,58046200,0.0,0.0,0.016239923030637593,0.021594790975313787,0.016239923030637593,0.3046295609140401,AAPL
2024-07-03 00:00:00-04:00,219.5041496260787,221.0506591796875,218.5363346575029,221.0506591796875,37369800,0.0,0.0,0.005811049151365433,0.021564823591698496,0.005811049151365433,0.31470248960707975,AAPL
2024-07-05 00:00:00-04:00,221.15041758535088,225.93960192344272,221.15041758535088,225.8298492431641,60412400,0.0,0.0,0.021620338438311126,0.02181892243646716,0.021620338438311126,0.34266010711533,AAPL
2024-07-08 00:00:00-04:00,226.5781681668551,227.33646497984205,222.74682662809303,227.30653381347656,59085900,0.0,0.0,0.006538925546208274,0.021550984482490758,0.006538925546208274,0.3785555574761885,AAPL
2024-07-09 00:00:00-04:00,227.41627168952732,228.8829597417087,225.85979013808537,228.16458129882812,48076100,0.0,0.0,0.003774847431599282,0.02154802570952631,0.003774847431599282,0.35861240902129476,AAPL
2024-07-10 00:00:00-04:00,228.78319647541343,232.55467572482937,228.7333061227644,232.45489501953125,62627700,0.0,0.0,0.01880359211004823,0.020711583602432745,0.01880359211004823,0.46471371644463316,AAPL
2024-07-11 00:00:00-04:00,230.86848076037649,231.86622690917008,225.26115227596375,227.05709838867188,64710600,0.0,0.0,-0.023220834435023763,0.015890526403066853,-0.023220834435023763,0.3040464063576575,AAPL
2024-07-12 00:00:00-04:00,228.40404188598967,232.1156587015828,228.1645773343909,230.0203857421875,53046500,0.0,0.0,0.01305084656918809,0.0150249834988995,0.01305084656918809,0.26988905639915334,AAPL
2024-07-15 00:00:00-04:00,235.94700263838575,236.69531224247876,232.5646438368613,233.87168884277344,62631300,0.0,0.0,0.016743312068446814,0.015289919100609641,0.016743312068446814,0.30200863913472337,AAPL
2024-07-16 00:00:00-04:00,234.4703279528375,235.73746973269033,231.8063477557903,234.29074096679688,43234300,0.0,0.0,0.001791803557313676,0.015011208142525831,0.001791803557313676,0.3407920260866961,AAPL
2024-07-17 00:00:00-04:00,228.9328431112231,230.93832254659503,226.12917896312737,228.3641357421875,57345900,0.0,0.0,-0.025295942981584885,0.01604809198323872,-0.025295942981584885,0.17867092232763693,AAPL
2024-07-18 00:00:00-04:00,229.76098610155705,229.92062914212065,221.7690447852705,223.6747283935547,66034600,0.0,0.0,-0.020534780268329555,0.016614053648400892,-0.020534780268329555,0.14384290641812167,AAPL
2024-07-19 00:00:00-04:00,224.31328836166992,226.28882140195597,222.77675082247163,223.8044281005859,49151500,0.0,0.0,0.0005798585649918753,0.015647499149446218,0.0005798585649918753,0.22332334410028223,AAPL
2024-07-22 00:00:00-04:00,226.4983442399413,227.26661302541467,222.587181224328,223.45523071289065,48201800,0.0,0.0,-0.0015602791716806674,0.015354329115020804,-0.0015602791716806674,0.25651770738311935,AAPL
2024-07-23 00:00:00-04:00,223.86429647317823,226.4285113596948,222.1781030613285,224.5028533935547,39960300,0.0,0.0,0.004688288912825245,0.015353971425365832,0.004688288912825245,0.26158959285642575,AAPL
2024-07-24 00:00:00-04:00,223.49514031921132,224.29334029380243,216.64062905712152,218.0474395751953,61777600,0.0,0.0,-0.02875426178678897,0.017010326191238625,-0.02875426178678897,0.13846407789801074,AAPL
2024-07-25 00:00:00-04:00,218.4365585703147,220.35224458682225,214.13627507494223,216.99981689453125,51391200,0.0,0.0,-0.004804563092807079,0.016554680696029164,-0.004804563092807079,0.06737828527159682,AAPL
2024-07-26 00:00:00-04:00,218.20707238174316,218.9953003385307,215.5231328955533,217.46875,41601300,0.0,0.0,0.0021609838762981504,0.016543050800503688,0.0021609838762981504,0.06190969172973264,AAPL
2024-07-29 00:00:00-04:00,216.47100932714253,218.80573164190093,215.26372979848315,217.7481231689453,36311800,0.0,0.0,0.0012846589174091427,0.01603601654154188,0.0012846589174091427,0.11855304891733266,AAPL
2024-07-30 00:00:00-04:00,218.6959746261333,219.8334045947242,215.63288672795753,218.30685424804688,41643800,0.0,0.0,0.002565951297169411,0.014709681625283756,0.002565951297169411,0.039034555703294824,AAPL
2024-07-31 00:00:00-04:00,220.94091084366264,223.3155515626994,220.13273889458495,221.5794677734375,50036300,0.0,0.0,0.014990887650610185,0.014642166761292999,0.014990887650610185,0.03494934364026538,AAPL
2024-08-01 00:00:00-04:00,223.86429233538576,223.9740450176905,216.53086747941563,217.8678436279297,62501000,0.0,0.0,-0.016750758465143067,0.015075122508097418,-0.016750758465143067,-0.04088565533818091,AAPL
2024-08-02 00:00:00-04:00,218.65606496292435,225.09153987705304,217.2193232804361,219.36447143554688,105568600,0.0,0.0,0.006869429571135344,0.014269241832000625,0.006869429571135344,-0.0948825258094241,AAPL
2024-08-05 00:00:00-04:00,198.64127617987643,213.0188017705649,195.55824424838744,208.79833984375,119548600,0.0,0.0,-0.0481670141142313,0.017544151471589945,-0.0481670141142313,-0.23308044826502558,AAPL
2024-08-06 00:00:00-04:00,204.83729660703725,209.51672869129231,200.6168344706096,206.762939453125,69660500,0.0,0.0,-0.009748163669060506,0.01748561038184704,-0.009748163669060506,-0.27252976249590366,AAPL
2024-08-07 00:00:00-04:00,206.43367474426563,213.15848935419993,205.9248296826355,209.34710693359375,63516400,0.0,0.0,0.012498214076970049,0.01709067546702333,0.012498214076970049,-0.29727427426246,AAPL
2024-08-08 00:00:00-04:00,212.6296774525561,213.71721707569145,208.35932525259923,212.8292236328125,47161100,0.0,0.0,0.01663322101854181,0.01718741682914769,0.01663322101854181,-0.17966140020527094,AAPL
2024-08-09 00:00:00-04:00,211.62197118803232,216.29141600978787,211.4922593126285,215.7526397705078,42201600,0.0,0.0,0.013735971441304562,0.017221924075874466,0.013735971441304562,-0.17731230937826759,AAPL
2024-08-12 00:00:00-04:00,215.83255236617865,219.26875909808803,215.36306766380915,217.2909393310547,38028100,0.25,0.0,0.007129922313734438,0.016768490356511564,0.007129922313734438,-0.21077202195447794,AAPL
2024-08-13 00:00:00-04:00,218.76929897291208,221.646138683676,218.76929897291208,221.02682495117188,44155300,0.0,0.0,0.017193011506224654,0.017368844145769717,0.017193011506224654,-0.15915096001329554,AAPL
2024-08-14 00:00:00-04:00,220.3276035510778,222.7848915052682,219.45854930599305,221.4763336181641,41960600,0.0,0.0,0.0020337290149805565,0.016559076146331952,0.0020337290149805565,-0.08441199303270994,AAPL
2024-08-15 00:00:00-04:00,224.35317447515425,225.10235023777113,222.5151850202656,224.47303771972656,46414000,0.0,0.0,0.01353058384436201,0.01623587026918346,0.01353058384436201,0.018815350226228166,AAPL
2024-08-16 00:00:00-04:00,223.67391069385005,226.5807162697698,223.4042031553576,225.80157470703125,44340200,0.0,0.0,0.005918470212727733,0.01628443151099724,0.005918470212727733,0.035151007104087174,AAPL
2024-08-19 00:00:00-04:00,225.4719428035102,225.74165035068273,222.79488010428776,225.64175415039065,40687800,0.0,0.0,-0.0007077920375354596,0.016279670392084236,-0.0007077920375354596,0.037779544033974995,AAPL
2024-08-20 00:00:00-04:00,225.52188562847152,226.92034094772856,225.20222998863,226.2610626220703,30299000,0.0,0.0,0.002744653683497189,0.01625986453547367,0.002744653683497189,0.0318487747447188,AAPL
2024-08-21 00:00:00-04:00,226.2710625686077,227.7294495174454,224.80267685471037,226.15118408203125,34765500,0.0,0.0,-0.000485627260677135,0.014738911925889034,-0.000485627260677135,0.13103331500904136,AAPL
2024-08-22 00:00:00-04:00,227.53966079897057,228.08905941841817,223.6539363698163,224.2832489013672,43695300,0.0,0.0,-0.00825967455464005,0.014841907438574574,-0.00825967455464005,0.11848429344151579,AAPL
2024-08-23 00:00:00-04:00,225.41200238324527,227.96918649391685,224.0834622297127,226.5906982421875,38677300,0.0,0.0,0.010288103780033309,0.014964257803071146,0.010288103780033309,0.1446706505501622,AAPL
2024-08-26 00:00:00-04:00,226.5107917661563,227.03022456881217,223.64395069142017,226.93032836914065,30602200,0.0,0.0,0.00149887056083009,0.014963671273433704,0.00149887056083009,0.14539209354352903,AAPL
2024-08-27 00:00:00-04:00,225.75162066501636,228.5984945445466,224.64283997153836,227.7793884277344,35934600,0.0,0.0,0.003741501035562811,0.014967593553473506,0.003741501035562811,0.1492809764294296,AAPL
2024-08-28 00:00:00-04:00,227.6695099550691,229.6073802985885,225.4319662685897,226.2410888671875,38052200,0.0,0.0,-0.0067534625110952096,0.014780784351576334,-0.0067534625110952096,0.07761154246552211,AAPL
2024-08-29 00:00:00-04:00,229.8471324488683,232.66402541964027,228.628471976358,229.53746032714844,51906300,0.0,0.0,0.014570171477100935,0.014439988130675143,0.014570171477100935,0.18789530468689072,AAPL
2024-08-30 00:00:00-04:00,229.93703146120657,230.14679214282077,227.23000295250677,228.7483367919922,52990800,0.0,0.0,-0.0034378856245579348,0.014467752858850996,-0.0034378856245579348,0.15191303246233198,AAPL
2024-09-03 00:00:00-04:00,228.29882348382424,228.74832587928796,220.92692932694945,222.52517700195312,50190600,0.0,0.0,-0.027205267925938914,0.010961550168208814,-0.027205267925938914,0.29611938724982834,AAPL
2024-09-04 00:00:00-04:00,221.4164072047842,221.53627045160735,217.24099295020864,220.6072998046875,43840200,0.0,0.0,-0.008618697547418619,0.010893781898983542,-0.008618697547418619,0.30314548756556947,AAPL
2024-09-05 00:00:00-04:00,221.38642912323468,225.23218875186365,221.2765494057299,222.13560485839844,36615400,0.0,0.0,0.006927717510091469,0.010716056853580087,0.006927717510091469,0.28218177993766214,AAPL
2024-09-06 00:00:00-04:00,223.7038813850335,224.99247224215048,219.5284824188554,220.57733154296875,48423000,0.0,0.0,-0.0070149641991117395,0.010436388321260086,-0.0070149641991117395,0.17644674376694683,AAPL
2024-09-09 00:00:00-04:00,220.57732363843863,221.0268260349447,216.47183996524672,220.6672210693359,67180000,0.0,0.0,0.0004075193300161484,0.010055478747126428,0.0004075193300161484,0.11685610998333705,AAPL
2024-09-10 00:00:00-04:00,218.67940838073807,221.2365925404848,216.49181271910507,219.86810302734375,51591000,0.0,0.0,-0.0036213717566192516,0.010007644233069386,-0.0036213717566192516,0.06369924949821201,AAPL
2024-09-11 00:00:00-04:00,221.21662032032157,222.84481857216005,217.65053646391297,222.4152984619141,44587100,0.0,0.0,0.011585106704875558,0.009589189059595996,0.011585106704875558,0.037238204878945115,AAPL
2024-09-12 00:00:00-04:00,222.25546946786713,223.30431855196207,219.57842214055833,222.52517700195312,37498200,0.0,0.0,0.0004940242006681306,0.009581197237942223,0.0004940242006681306,0.029234232335740018,AAPL
2024-09-13 00:00:00-04:00,223.33429284055268,223.7937787761964,221.66612995902517,222.25547790527344,36766600,0.0,0.0,-0.0012119936283763177,0.009061112051014278,-0.0012119936283763177,-0.050438613379381415,AAPL
2024-09-16 00:00:00-04:00,216.302019591785,216.98128020943747,213.6849038037586,216.082275390625,59357400,0.0,0.0,-0.0277752547331116,0.010782164439171541,-0.0277752547331116,-0.1986350873150744,AAPL
2024-09-17 00:00:00-04:00,215.51289221314667,216.6616222741377,214.2642659546696,216.55174255371097,45519300,0.0,0.0,0.002172631523049695,0.010821491641284903,0.002172631523049695,-0.18460440233301084,AAPL
2024-09-18 00:00:00-04:00,217.31091546092293,222.46524827574677,217.3009166960367,220.4474639892578,59894900,0.0,0.0,0.017989794908164214,0.011676287510778408,0.017989794908164214,-0.10580742675420461,AAPL
2024-09-19 00:00:00-04:00,224.7427436847832,229.56743739121873,224.38313871157,228.61846923828125,66781300,0.0,0.0,0.037065544330424194,0.014484613638272411,0.037065544330424194,0.044331223464648246,AAPL
2024-09-20 00:00:00-04:00,229.7172625160979,232.83382873595048,227.36983908638868,227.94920349121097,318679900,0.0,0.0,-0.0029274351687340605,0.014360682333973746,-0.0029274351687340605,0.0632792086169063,AAPL
2024-09-23 00:00:00-04:00,227.09015412184937,229.19783588273827,225.56183678133013,226.2211151123047,54146000,0.0,0.0,-0.007581023984463697,0.014302176540471168,-0.007581023984463697,0.0010681049156796296,AAPL
2024-09-24 00:00:00-04:00,228.39870925768025,229.09795215651428,225.48192014495527,227.1201171875,43556100,0.0,0.0,0.003973997187437739,0.014326377822991933,0.003973997187437739,0.009704655155404933,AAPL
2024-09-25 00:00:00-04:00,224.6827959331431,227.04020291666632,223.77380760174057,226.1212158203125,42308700,0.0,0.0,-0.0043981192840035765,0.014334265582030204,-0.0043981192840035765,-0.01869286278022145,AAPL
2024-09-26 00:00:00-04:00,227.05019905798116,228.24887720276465,225.16227678839184,227.26995849609375,36636700,0.0,0.0,0.005080207408287185,0.01429665275001165,0.005080207408287185,0.022644114118860036,AAPL
2024-09-27 00:00:00-04:00,228.20893469195548,229.2677673388691,227.05020584581527,227.53965759277344,34026000,0.0,0.0,0.0011866904823865099,0.01390251620523504,0.0011866904823865099,-0.02484722968470032,AAPL
2024-09-30 00:00:00-04:00,229.78718847660608,232.7439422607422,229.39761768078608,232.7439422607422,54541900,0.0,0.0,0.022871989538117532,0.014809659838029994,0.022871989538117532,0.06550148723173296,AAPL
2024-10-01 00:00:00-04:00,229.2677705196639,229.3976172900359,223.49412373913023,225.96141052246097,63285000,0.0,0.0,-0.02914160374014274,0.015008541717335963,-0.02914160374014274,0.05818273157532587,AAPL
2024-10-02 00:00:00-04:00,225.64175566026316,227.1201249339536,222.77491454853467,226.53077697753903,32880600,0.0,0.0,0.002519750844896862,0.014843536744542241,0.002519750844896862,0.09634903044373588,AAPL
2024-10-03 00:00:00-04:00,224.8925655126969,226.56072831643584,223.0745736591087,225.42198181152344,34044200,0.0,0.0,-0.004894677804091696,0.014848485782455512,-0.004894677804091696,0.05650681290174636,AAPL
2024-10-04 00:00:00-04:00,227.6495326914976,227.7494288886953,223.88368688105712,226.55075073242188,37245100,0.0,0.0,0.00500735958324694,0.014756864145412678,0.00500735958324694,0.09759233282289692,AAPL
2024-10-07 00:00:00-04:00,224.25327473060864,225.44196936055417,221.08676038639473,221.4463653564453,39505400,0.0,0.0,-0.022530869394493114,0.015702448721864683,-0.022530869394493114,0.01867462623632775,AAPL
2024-10-08 00:00:00-04:00,224.05349542674807,225.73164177618557,223.0046463373399,225.5218811035156,31855700,0.0,0.0,0.01840407604121319,0.016178597488203324,0.01840407604121319,0.08619472434395865,AAPL
2024-10-09 00:00:00-04:00,224.9824739985636,229.49751090746852,224.58291968465133,229.28773498535156,33591100,0.0,0.0,0.016698396906805746,0.016387168802691005,0.016698396906805746,0.10069916778992812,AAPL
2024-10-10 00:00:00-04:00,227.5296744960524,229.2477854802332,226.9203442604764,228.7882843017578,28183500,0.0,0.0,-0.002178270388626169,0.016407972987390544,-0.002178270388626169,0.09242820746748007,AAPL
2024-10-11 00:00:00-04:00,229.04800351672907,229.15788323697032,227.09015084025384,227.2999267578125,31759200,0.0,0.0,-0.006505392304014368,0.016496755149790793,-0.006505392304014368,0.07588702058376101,AAPL
2024-10-14 00:00:00-04:00,228.44865815944695,231.47532700331135,228.34877720356224,231.0458068847656,39882100,0.0,0.0,0.016479900281465287,0.015324742537706843,0.016479900281465287,0.2260819286080303,AAPL
2024-10-15 00:00:00-04:00,233.3532605949055,237.2290013087572,232.1146178817108,233.5930023193359,64751400,0.0,0.0,0.011024633897990244,0.015413038119736763,0.011024633897990244,0.2535027446723815,AAPL
2024-10-16 00:00:00-04:00,231.34547369396785,231.86489123072647,229.5873982094942,231.5252685546875,34082200,0.0,0.0,-0.008851865184821284,0.015290392950331811,-0.008851865184821284,0.16776314845383816,AAPL
2024-10-17 00:00:00-04:00,233.17345903647427,233.59301088010824,230.26666863657624,231.89486694335935,32993800,0.0,0.0,0.001596363070774487,0.012957187477217857,0.001596363070774487,0.06110163959991913,AAPL
2024-10-18 00:00:00-04:00,235.9204255737285,235.9204255737285,233.75281228137575,234.74172973632812,46431500,0.0,0.0,0.012276523540575512,0.013171733015943043,0.012276523540575512,0.11782074029655842,AAPL
2024-10-21 00:00:00-04:00,234.19234018879644,236.5897117727769,234.19234018879644,236.22010803222656,36254500,0.0,0.0,0.006297892997376264,0.013030085231873274,0.006297892997376264,0.17235874854643238,AAPL
2024-10-22 00:00:00-04:00,233.6329632952546,235.96040454410337,232.3443876620224,235.60079956054688,38846600,0.0,0.0,-0.002621743241245089,0.013067458724380551,-0.002621743241245089,0.14662852227036324,AAPL
2024-10-23 00:00:00-04:00,233.822752128634,234.88158476901867,227.50969037853835,230.5063934326172,52287000,0.0,0.0,-0.021623042610347643,0.014037162593301978,-0.021623042610347643,0.07514453075944298,AAPL
2024-10-24 00:00:00-04:00,229.7272566761152,230.56634513279107,228.15898997077215,230.31661987304688,31109500,0.0,0.0,-0.0008232897870825706,0.014010104776462775,-0.0008232897870825706,0.05422094613991794,AAPL
2024-10-25 00:00:00-04:00,229.4875225740561,232.96369380669327,229.3177112321018,231.1556854248047,38802300,0.0,0.0,0.003643095979006361,0.014024804952933251,0.003643095979006361,0.06292147479353166,AAPL
2024-10-28 00:00:00-04:00,233.0635949831452,234.472033847566,232.29443692443337,233.14349365234375,36087100,0.0,0.0,0.00859943472247271,0.013184989400204182,0.00859943472247271,0.012804990995694843,AAPL
2024-10-29 00:00:00-04:00,232.84382710997653,234.07247106119948,232.06468555632105,233.41319274902344,35417200,0.0,0.0,0.0011567944378574335,0.011236710613573075,0.0011567944378574335,0.14984399237033938,AAPL
2024-10-30 00:00:00-04:00,232.3543581715744,233.21341362628857,229.29772360355057,229.8471221923828,47070900,0.0,0.0,-0.015277930585847477,0.01185476055371053,-0.015277930585847477,0.06696630474432129,AAPL
2024-10-31 00:00:00-04:00,229.08795100904055,229.57741798472995,225.1223128313268,225.66172790527344,64370100,0.0,0.0,-0.01820947004768758,0.012544813914942962,-0.01820947004768758,0.010213774122095187,AAPL
2024-11-01 00:00:00-04:00,220.72715344034327,225.10234466312104,220.02792579428785,222.66502380371097,65276700,0.0,0.0,-0.013279629334489562,0.012833580937890905,-0.013279629334489562,-0.06126267905745486,AAPL
2024-11-04 00:00:00-05:00,220.74713841963057,222.5451480336916,219.46854635353304,221.76600646972656,44944500,0.0,0.0,-0.004037532786365761,0.011809800256924404,-0.004037532786365761,0.011723083984363853,AAPL
2024-11-05 00:00:00-05:00,221.5562414690178,223.70387248945224,220.896963160989,223.2044219970703,28111300,0.0,0.0,0.006486185823705526,0.011120192740854977,0.006486185823705526,-0.04113662787015019,AAPL
2024-11-06 00:00:00-05:00,222.36535526416637,225.82155947797517,220.9469176537884,222.47523498535156,54561100,0.0,0.0,-0.0032669021751204896,0.010369881580624449,-0.0032669021751204896,-0.14037886290245843,AAPL
2024-11-07 00:00:00-05:00,224.38313701629485,227.629565273657,224.32320539488208,227.22999572753903,42137700,0.0,0.0,0.021372089987905962,0.011553103761392788,0.021372089987905962,-0.024079604203352544,AAPL
2024-11-08 00:00:00-05:00,227.1699981689453,228.66000366210935,226.41000366210935,226.9600067138672,38328800,0.25,0.0,-0.0011881750594036067,0.01146309031659642,-0.0011881750594036067,-0.0010759143759172423,AAPL
2024-11-11 00:00:00-05:00,225.0,225.6999969482422,221.5,224.22999572753903,42005600,0.0,0.0,-0.0120285993371948,0.01107012695633767,-0.0120285993371948,-0.12987730766483654,AAPL
2024-11-12 00:00:00-05:00,224.5500030517578,225.58999633789065,223.36000061035156,224.22999572753903,40398300,0.0,0.0,0.0,0.010684679903345928,0.0,-0.18615344563328698,AAPL
2024-11-13 00:00:00-05:00,224.0099945068359,226.6499938964844,222.7599945068359,225.1199951171875,48566200,0.0,0.0,0.003969136184303723,0.010635755523597273,0.003969136184303723,-0.12673663925893097,AAPL
2024-11-14 00:00:00-05:00,225.02000427246097,228.8699951171875,225.0,228.22000122070312,44923900,0.0,0.0,0.013770460957508002,0.011149116810436692,0.013770460957508002,-0.06630435659366812,AAPL
2024-11-15 00:00:00-05:00,226.3999938964844,226.9199981689453,224.27000427246097,225.0,47923700,0.0,0.0,-0.014109198157391867,0.011088849153632542,-0.014109198157391867,-0.18563884070220962,AAPL
2024-11-18 00:00:00-05:00,225.25,229.7400054931641,225.1699981689453,228.02000427246097,44686000,0.0,0.0,0.013422241210937713,0.011478986439299167,0.013422241210937713,-0.14829738670097103,AAPL
2024-11-19 00:00:00-05:00,226.97999572753903,230.16000366210935,226.66000366210935,228.27999877929688,36211800,0.0,0.0,0.0011402267431117608,0.011493939943503029,0.0011402267431117608,-0.1317394382734717,AAPL
2024-11-20 00:00:00-05:00,228.05999755859375,229.92999267578125,225.88999938964844,229.0,35169600,0.0,0.0,0.0031540267415159917,0.010505222615547186,0.0031540267415159917,-0.026210936615985683,AAPL
2024-11-21 00:00:00-05:00,228.8800048828125,230.16000366210935,225.7100067138672,228.52000427246097,42108300,0.0,0.0,-0.002096051211960881,0.010512569059198269,-0.002096051211960881,-0.032246142065552805,AAPL
2024-11-22 00:00:00-05:00,228.05999755859375,230.72000122070312,228.05999755859375,229.8699951171875,38168300,0.0,0.0,0.005907539031536846,0.01056975273927238,0.005907539031536846,-0.02135978468933037,AAPL
2024-11-25 00:00:00-05:00,231.4600067138672,233.25,229.7400054931641,232.8699951171875,90152800,0.0,0.0,0.013050855108212911,0.010809517113050527,0.013050855108212911,-0.0002957230568096796,AAPL
2024-11-26 00:00:00-05:00,233.3300018310547,235.57000732421875,233.3300018310547,235.05999755859375,45986200,0.0,0.0,0.009404399395912533,0.011011533853558438,0.009404399395912533,0.03715954833369714,AAPL
2024-11-27 00:00:00-05:00,234.47000122070312,235.69000244140625,233.80999755859375,234.92999267578125,33498400,0.0,0.0,-0.000553071063399857,0.010381722263043557,-0.000553071063399857,0.11033107721050026,AAPL
2024-11-29 00:00:00-05:00,234.80999755859375,237.80999755859375,233.97000122070312,237.3300018310547,28481400,0.0,0.0,0.01021584825308186,0.009500923984031233,0.01021584825308186,0.27015188416771807,AAPL
2024-12-02 00:00:00-05:00,237.27000427246097,240.7899932861328,237.16000366210935,239.58999633789065,48137100,0.0,0.0,0.009522582435425697,0.008844757649756618,0.009522582435425697,0.4190960624249624,AAPL
2024-12-03 00:00:00-05:00,239.80999755859375,242.7599945068359,238.8999938964844,242.6499938964844,38861000,0.0,0.0,0.01277180852859261,0.00886874140173073,0.01277180852859261,0.5127300440823074,AAPL
2024-12-04 00:00:00-05:00,242.8699951171875,244.11000061035156,241.25,243.0099945068359,44383900,0.0,0.0,0.0014836209330590933,0.008881714441314064,0.0014836209330590933,0.483818969155677,AAPL
2024-12-05 00:00:00-05:00,243.9900054931641,244.5399932861328,242.1300048828125,243.0399932861328,40033900,0.0,0.0,0.0001234466893338393,0.00876128572162232,0.0001234466893338393,0.5098177950675588,AAPL
2024-12-06 00:00:00-05:00,242.91000366210935,244.6300048828125,242.0800018310547,242.83999633789065,36870600,0.0,0.0,-0.0008228972752097885,0.00786731203512873,-0.0008228972752097885,0.4266908431252608,AAPL
2024-12-09 00:00:00-05:00,241.8300018310547,247.2400054931641,241.75,246.75,44649200,0.0,0.0,0.016101151873964437,0.008280634465175898,0.016101151873964437,0.509788998635302,AAPL
2024-12-10 00:00:00-05:00,246.88999938964844,248.2100067138672,245.33999633789065,247.77000427246097,36914800,0.0,0.0,0.004133755916761794,0.0073473737407631036,0.004133755916761794,0.6845295056737448,AAPL
2024-12-11 00:00:00-05:00,247.9600067138672,250.8000030517578,246.2599945068359,246.4900054931641,45205800,0.0,0.0,-0.005166076430661581,0.007619274545017184,-0.005166076430661581,0.6262000752226445,AAPL
2024-12-12 00:00:00-05:00,246.88999938964844,248.7400054931641,245.67999267578125,247.9600067138672,32777500,0.0,0.0,0.005963735599591624,0.007621277346410504,0.005963735599591624,0.6391212447202516,AAPL
2024-12-13 00:00:00-05:00,247.82000732421875,249.2899932861328,246.2400054931641,248.1300048828125,33155300,0.0,0.0,0.0006855870476785153,0.0073747363654631925,0.0006855870476785153,0.5717731942597817,AAPL
2024-12-16 00:00:00-05:00,247.9900054931641,251.3800048828125,247.6499938964844,251.0399932861328,51694800,0.0,0.0,0.011727676403724852,0.006158213268057462,0.011727676403724852,0.8944997610156004,AAPL
2024-12-17 00:00:00-05:00,250.0800018310547,253.8300018310547,249.77999877929688,253.47999572753903,51356400,0.0,0.0,0.009719576588042456,0.0059602576443631445,0.009719576588042456,0.8931471394445972,AAPL
2024-12-18 00:00:00-05:00,252.16000366210935,254.27999877929688,247.7400054931641,248.0500030517578,56774100,0.0,0.0,-0.021421779893107673,0.008420906535588265,-0.021421779893107673,0.49819894281865357,AAPL
2024-12-19 00:00:00-05:00,247.5,252.0,247.08999633789065,249.7899932861328,60882300,0.0,0.0,0.007014675319362729,0.008440008636798543,0.007014675319362729,0.5199424966656994,AAPL
2024-12-20 00:00:00-05:00,248.0399932861328,255.0,245.69000244140625,254.4900054931641,147495300,0.0,0.0,0.018815854651340835,0.008878366672875093,0.018815854651340835,0.612039878040148,AAPL
2024-12-23 00:00:00-05:00,254.77000427246097,255.6499938964844,253.4499969482422,255.27000427246097,40858800,0.0,0.0,0.0030649485734630666,0.00889312615648767,0.0030649485734630666,0.5950421527415375,AAPL
2024-12-24 00:00:00-05:00,255.4900054931641,258.2099914550781,255.2899932861328,258.20001220703125,23234700,0.0,0.0,0.011478073747524853,0.00882761659769036,0.011478073747524853,0.5905496468988075,AAPL
2024-12-26 00:00:00-05:00,258.19000244140625,260.1000061035156,257.6300048828125,259.0199890136719,27237100,0.0,0.0,0.003175742710589624,0.008781721682189016,0.003175742710589624,0.5581722135876322,AAPL
2024-12-27 00:00:00-05:00,257.8299865722656,258.70001220703125,253.05999755859375,255.58999633789065,42355300,0.0,0.0,-0.013242192962953814,0.00961536610908541,-0.013242192962953814,0.4437955754433715,AAPL
2024-12-30 00:00:00-05:00,252.22999572753903,253.5,250.75,252.1999969482422,35557500,0.0,0.0,-0.013263427513676596,0.01026241323288843,-0.013263427513676596,0.30141966386903124,AAPL
2024-12-31 00:00:00-05:00,252.44000244140625,253.27999877929688,249.42999267578125,250.4199981689453,39480700,0.0,0.0,-0.007057885808230857,0.010384681174847322,-0.007057885808230857,0.21803940793519747,AAPL
2025-01-02 00:00:00-05:00,248.92999267578125,249.1000061035156,241.82000732421875,243.8500061035156,55740700,0.0,0.0,-0.02623589215505573,0.011864944561689758,-0.02623589215505573,0.026454797082708138,AAPL
2025-01-03 00:00:00-05:00,243.36000061035156,244.17999267578125,241.88999938964844,243.36000061035156,40244100,0.0,0.0,-0.0020094545044055945,0.011872526496952824,-0.0020094545044055945,0.011727152509584567,AAPL
2025-01-06 00:00:00-05:00,244.30999755859375,247.3300018310547,243.1999969482422,245.0,45045600,0.0,0.0,0.006738984983297502,0.011963868983618117,0.006738984983297502,0.0392856060397857,AAPL
2025-01-07 00:00:00-05:00,242.97999572753903,245.5500030517578,241.3500061035156,242.2100067138672,40856000,0.0,0.0,-0.011387727698501271,0.012253683799561271,-0.011387727698501271,-0.004752340481041822,AAPL
2025-01-08 00:00:00-05:00,241.9199981689453,243.7100067138672,240.0500030517578,242.6999969482422,37628900,0.0,0.0,0.0020229974847978394,0.011666864068650508,0.0020229974847978394,-0.06532530014374525,AAPL
2025-01-10 00:00:00-05:00,240.0099945068359,240.16000366210935,233.0,236.8500061035156,61710900,0.0,0.0,-0.02410379447171629,0.012705559541286266,-0.02410379447171629,-0.17110768788894168,AAPL
2025-01-13 00:00:00-05:00,233.52999877929688,234.6699981689453,229.72000122070312,234.3999938964844,49630700,0.0,0.0,-0.010344150913639494,0.012821962342222118,-0.010344150913639494,-0.18974651271452977,AAPL
2025-01-14 00:00:00-05:00,234.75,236.1199951171875,232.47000122070312,233.27999877929688,39435300,0.0,0.0,-0.004778136289893209,0.012675875168946893,-0.004778136289893209,-0.23430462950154318,AAPL
2025-01-15 00:00:00-05:00,234.63999938964844,238.9600067138672,234.42999267578125,237.8699951171875,39832000,0.0,0.0,0.019675910330543056,0.013638801750135718,0.019675910330543056,-0.14814351787938995,AAPL
2025-01-16 00:00:00-05:00,237.3500061035156,238.0099945068359,228.02999877929688,228.2599945068359,71759100,0.0,0.0,-0.040400222002010766,0.01569855199479112,-0.040400222002010766,-0.29473387053447353,AAPL
2025-01-17 00:00:00-05:00,232.1199951171875,232.2899932861328,228.47999572753903,229.97999572753903,68488300,0.0,0.0,0.007535272330218223,0.015600783832965807,0.007535272330218223,-0.30358155428670625,AAPL
2025-01-21 00:00:00-05:00,224.0,224.4199981689453,219.3800048828125,222.63999938964844,98070400,0.0,0.0,-0.031915803436166734,0.01634999210134693,-0.031915803436166734,-0.3217623194339182,AAPL
2025-01-22 00:00:00-05:00,219.7899932861328,224.1199951171875,219.7899932861328,223.8300018310547,64126500,0.0,0.0,0.00534496247156202,0.01628815853505462,0.00534496247156202,-0.3281093447208239,AAPL
2025-01-23 00:00:00-05:00,224.7400054931641,227.02999877929688,222.3000030517578,223.66000366210935,60234800,0.0,0.0,-0.0007594967946864539,0.01531927888533667,-0.0007594967946864539,-0.4127521042781819,AAPL
2025-01-24 00:00:00-05:00,224.77999877929688,225.6300048828125,221.41000366210935,222.77999877929688,54697900,0.0,0.0,-0.003934565270516277,0.015172770422915831,-0.003934565270516277,-0.4398036813413806,AAPL
2025-01-27 00:00:00-05:00,224.02000427246097,232.1499938964844,223.97999572753903,229.86000061035156,94863400,0.0,0.0,0.03178024001189028,0.01701799235355831,0.03178024001189028,-0.3324676529041161,AAPL
2025-01-28 00:00:00-05:00,230.8500061035156,240.19000244140625,230.80999755859375,238.2599945068359,75633300,0.0,0.0,0.03654395664395582,0.01939875595667436,0.03654395664395582,-0.20565861476734423,AAPL
